-- phpMyAdmin SQL Dump
-- version 5.2.1
-- https://www.phpmyadmin.net/
--
-- Host: 127.0.0.1
-- Generation Time: May 17, 2025 at 05:39 PM
-- Server version: 10.4.32-MariaDB
-- PHP Version: 8.2.12

SET SQL_MODE = "NO_AUTO_VALUE_ON_ZERO";
START TRANSACTION;
SET time_zone = "+00:00";


/*!40101 SET @OLD_CHARACTER_SET_CLIENT=@@CHARACTER_SET_CLIENT */;
/*!40101 SET @OLD_CHARACTER_SET_RESULTS=@@CHARACTER_SET_RESULTS */;
/*!40101 SET @OLD_COLLATION_CONNECTION=@@COLLATION_CONNECTION */;
/*!40101 SET NAMES utf8mb4 */;

--
-- Database: `kvs_krepsinio_analize`
--

-- --------------------------------------------------------

--
-- Table structure for table `euroleaguematches`
--

CREATE TABLE `euroleaguematches` (
  `id` int(11) NOT NULL,
  `home_team_id` int(11) NOT NULL,
  `away_team_id` int(11) NOT NULL,
  `match_date` date NOT NULL,
  `home_score` int(11) DEFAULT NULL,
  `away_score` int(11) DEFAULT NULL,
  `status` enum('scheduled','in_progress','completed','cancelled') DEFAULT 'scheduled',
  `venue` varchar(255) DEFAULT NULL,
  `mvp_player_id` int(11) DEFAULT NULL,
  `match_summary` text DEFAULT NULL,
  `created_at` timestamp NOT NULL DEFAULT current_timestamp(),
  `updated_at` timestamp NOT NULL DEFAULT current_timestamp() ON UPDATE current_timestamp()
) ENGINE=InnoDB DEFAULT CHARSET=utf8mb4 COLLATE=utf8mb4_general_ci;

--
-- Dumping data for table `euroleaguematches`
--

INSERT INTO `euroleaguematches` (`id`, `home_team_id`, `away_team_id`, `match_date`, `home_score`, `away_score`, `status`, `venue`, `mvp_player_id`, `match_summary`, `created_at`, `updated_at`) VALUES
(1, 1, 3, '2024-01-05', 79, 85, 'completed', 'Fernando Buesa Arena', NULL, NULL, '2025-05-13 15:17:44', '2025-05-13 15:17:44'),
(3, 5, 6, '2024-01-12', 84, 80, 'completed', 'Peace and Friendship Stadium', NULL, NULL, '2025-05-13 15:17:44', '2025-05-13 15:17:44'),
(4, 7, 8, '2024-01-13', 91, 85, 'completed', 'Sinan Erdem Dome', NULL, NULL, '2025-05-13 15:17:44', '2025-05-13 15:17:44'),
(5, 9, 10, '2024-01-19', 87, 79, 'completed', 'OAKA Arena', NULL, NULL, '2025-05-13 15:17:44', '2025-05-13 15:17:44'),
(6, 11, 12, '2024-01-20', 76, 83, 'completed', 'Astroballe', NULL, NULL, '2025-05-13 15:17:44', '2025-05-13 15:17:44'),
(7, 2, 5, '2024-01-26', 92, 87, 'completed', 'WiZink Center', NULL, NULL, '2025-05-13 15:17:44', '2025-05-13 15:17:44'),
(9, 6, 9, '2024-02-02', 82, 78, 'completed', 'Ülker Sports Arena', NULL, NULL, '2025-05-13 15:17:44', '2025-05-13 15:17:44'),
(10, 8, 11, '2024-02-03', 89, 81, 'completed', 'Menora Mivtachim Arena', NULL, NULL, '2025-05-13 15:17:44', '2025-05-13 15:17:44'),
(11, 3, 10, '2024-02-09', 88, 82, 'completed', 'Palau Blaugrana', NULL, NULL, '2025-05-13 15:17:44', '2025-05-13 15:17:44'),
(12, 5, 12, '2024-02-10', 83, 77, 'completed', 'Peace and Friendship Stadium', NULL, NULL, '2025-05-13 15:17:44', '2025-05-13 15:17:44'),
(13, 1, 8, '2024-02-16', 85, 79, 'completed', 'Fernando Buesa Arena', NULL, NULL, '2025-05-13 15:17:44', '2025-05-13 15:17:44'),
(14, 2, 6, '2024-02-17', 90, 83, 'completed', 'WiZink Center', NULL, NULL, '2025-05-13 15:17:44', '2025-05-13 15:17:44'),
(16, 7, 10, '2024-02-24', 87, 81, 'completed', 'Sinan Erdem Dome', NULL, NULL, '2025-05-13 15:17:44', '2025-05-13 15:17:44'),
(17, 3, 5, '2024-03-01', 82, 78, 'completed', 'Palau Blaugrana', NULL, NULL, '2025-05-13 15:17:44', '2025-05-13 15:17:44'),
(18, 6, 11, '2024-03-02', 84, 76, 'completed', 'Ülker Sports Arena', NULL, NULL, '2025-05-13 15:17:44', '2025-05-13 15:17:44'),
(19, 1, 4, '2024-03-08', 79, 85, 'completed', 'Fernando Buesa Arena', NULL, NULL, '2025-05-13 15:17:44', '2025-05-13 15:17:44'),
(20, 2, 7, '2024-03-09', 92, 86, 'completed', 'WiZink Center', NULL, NULL, '2025-05-13 15:17:44', '2025-05-13 15:17:44'),
(21, 1, 2, '2023-10-05', 89, 92, 'completed', 'WiZink Center, Madrid', NULL, NULL, '2025-05-13 20:54:38', '2025-05-13 20:54:38'),
(23, 2, 5, '2023-10-07', 87, 84, 'completed', 'OAKA Olympic Indoor Hall, Athens', NULL, NULL, '2025-05-13 20:54:38', '2025-05-13 20:54:38'),
(24, 7, 6, '2023-10-08', 82, 78, 'completed', 'Sinan Erdem Dome, Istanbul', NULL, NULL, '2025-05-13 20:54:38', '2025-05-13 20:54:38'),
(25, 8, 9, '2023-10-09', 77, 80, 'completed', 'Menora Mivtachim Arena, Tel Aviv', NULL, NULL, '2025-05-13 20:54:38', '2025-05-13 20:54:38'),
(26, 6, 3, '2025-05-09', 80, 70, 'completed', 'Sinan Erdem Dome, Istanbul', NULL, NULL, '2025-05-13 21:02:09', '2025-05-13 21:02:09'),
(28, 7, 5, '2025-05-10', 89, 83, 'completed', 'WiZink Center, Madrid', NULL, NULL, '2025-05-13 21:02:09', '2025-05-13 21:02:09'),
(29, 2, 8, '2025-05-11', 77, 74, 'completed', 'Palau Blaugrana, Barcelona', NULL, NULL, '2025-05-13 21:02:09', '2025-05-13 21:02:09'),
(30, 1, 10, '2025-05-12', 85, 80, 'completed', 'OAKA Arena, Athens', NULL, NULL, '2025-05-13 21:02:09', '2025-05-13 21:02:09'),
(32, 7, 3, '2025-05-15', NULL, NULL, 'scheduled', 'WiZink Center, Madrid', NULL, NULL, '2025-05-13 21:02:09', '2025-05-13 21:02:09'),
(33, 5, 9, '2025-05-16', NULL, NULL, 'scheduled', 'Virtus Segafredo Arena, Bologna', NULL, NULL, '2025-05-13 21:02:09', '2025-05-13 21:02:09'),
(34, 8, 2, '2025-05-17', NULL, NULL, 'scheduled', 'Palau Blaugrana, Barcelona', NULL, NULL, '2025-05-13 21:02:09', '2025-05-13 21:02:09'),
(35, 10, 1, '2025-05-18', NULL, NULL, 'scheduled', 'Audi Dome, Munich', NULL, NULL, '2025-05-13 21:02:09', '2025-05-13 21:02:09');

-- --------------------------------------------------------

--
-- Table structure for table `euroleaguematchplayers`
--

CREATE TABLE `euroleaguematchplayers` (
  `id` int(11) NOT NULL,
  `match_id` int(11) NOT NULL,
  `player_id` int(11) NOT NULL,
  `team_id` int(11) NOT NULL,
  `minutes_played` int(11) DEFAULT NULL,
  `points` int(11) DEFAULT NULL,
  `rebounds` int(11) DEFAULT NULL,
  `assists` int(11) DEFAULT NULL,
  `steals` int(11) DEFAULT NULL,
  `blocks` int(11) DEFAULT NULL,
  `turnovers` int(11) DEFAULT NULL,
  `fouls` int(11) DEFAULT NULL,
  `fg2_attempts` int(11) DEFAULT NULL,
  `fg2_made` int(11) DEFAULT NULL,
  `fg3_attempts` int(11) DEFAULT NULL,
  `fg3_made` int(11) DEFAULT NULL,
  `ft_attempts` int(11) DEFAULT NULL,
  `ft_made` int(11) DEFAULT NULL,
  `plus_minus` int(11) DEFAULT NULL,
  `created_at` timestamp NOT NULL DEFAULT current_timestamp(),
  `updated_at` timestamp NOT NULL DEFAULT current_timestamp() ON UPDATE current_timestamp()
) ENGINE=InnoDB DEFAULT CHARSET=utf8mb4 COLLATE=utf8mb4_general_ci;

--
-- Dumping data for table `euroleaguematchplayers`
--

INSERT INTO `euroleaguematchplayers` (`id`, `match_id`, `player_id`, `team_id`, `minutes_played`, `points`, `rebounds`, `assists`, `steals`, `blocks`, `turnovers`, `fouls`, `fg2_attempts`, `fg2_made`, `fg3_attempts`, `fg3_made`, `ft_attempts`, `ft_made`, `plus_minus`, `created_at`, `updated_at`) VALUES
(1, 1, 11, 1, 32, 18, 4, 7, 2, 0, 3, 2, 6, 3, 5, 3, 3, 3, -6, '2025-05-13 15:17:44', '2025-05-13 15:17:44'),
(2, 1, 52, 1, 30, 15, 5, 2, 1, 0, 2, 3, 5, 3, 4, 2, 2, 2, -4, '2025-05-13 15:17:44', '2025-05-13 15:17:44'),
(3, 1, 13, 3, 33, 22, 6, 4, 1, 1, 2, 2, 8, 5, 6, 3, 3, 3, 8, '2025-05-13 15:17:44', '2025-05-13 15:17:44'),
(4, 1, 36, 3, 30, 17, 5, 3, 0, 0, 1, 3, 6, 3, 5, 3, 2, 2, 6, '2025-05-13 15:17:44', '2025-05-13 15:17:44'),
(5, 1, 57, 1, 28, 12, 3, 1, 0, 0, 1, 2, 4, 2, 3, 2, 2, 2, -3, '2025-05-13 15:17:44', '2025-05-13 15:17:44'),
(6, 1, 124, 1, 25, 10, 4, 3, 1, 0, 2, 3, 4, 2, 2, 1, 3, 3, -2, '2025-05-13 15:17:44', '2025-05-13 15:17:44'),
(7, 1, 125, 1, 22, 8, 5, 1, 0, 1, 1, 2, 3, 1, 2, 1, 3, 3, -1, '2025-05-13 15:17:44', '2025-05-13 15:17:44'),
(8, 1, 126, 1, 18, 6, 2, 0, 1, 0, 0, 1, 2, 1, 1, 1, 1, 1, 0, '2025-05-13 15:17:44', '2025-05-13 15:17:44'),
(9, 1, 127, 1, 15, 4, 1, 1, 0, 0, 1, 2, 1, 0, 2, 1, 1, 1, -1, '2025-05-13 15:17:44', '2025-05-13 15:17:44'),
(10, 1, 128, 1, 10, 0, 2, 0, 0, 0, 0, 3, 0, 0, 0, 0, 0, 0, -2, '2025-05-13 15:17:44', '2025-05-13 15:17:44'),
(11, 1, 53, 3, 27, 13, 4, 2, 0, 0, 1, 2, 5, 3, 2, 1, 4, 4, 5, '2025-05-13 15:17:44', '2025-05-13 15:17:44'),
(12, 1, 54, 3, 24, 10, 6, 0, 1, 0, 2, 3, 4, 2, 2, 1, 3, 3, 4, '2025-05-13 15:17:44', '2025-05-13 15:17:44'),
(13, 1, 68, 3, 21, 8, 2, 1, 0, 1, 1, 2, 3, 1, 2, 1, 3, 3, 3, '2025-05-13 15:17:44', '2025-05-13 15:17:44'),
(14, 1, 135, 3, 18, 6, 3, 0, 0, 0, 0, 1, 3, 2, 0, 0, 2, 2, 2, '2025-05-13 15:17:44', '2025-05-13 15:17:44'),
(15, 1, 136, 3, 15, 4, 1, 1, 0, 0, 1, 2, 2, 1, 0, 0, 2, 2, 1, '2025-05-13 15:17:44', '2025-05-13 15:17:44'),
(16, 1, 137, 3, 12, 0, 0, 0, 0, 0, 0, 3, 0, 0, 0, 0, 0, 0, 0, '2025-05-13 15:17:44', '2025-05-13 15:17:44'),
(33, 3, 26, 5, 33, 19, 8, 2, 1, 0, 2, 2, 7, 5, 4, 2, 3, 3, 6, '2025-05-13 15:17:44', '2025-05-13 15:17:44'),
(34, 3, 29, 5, 30, 15, 4, 6, 1, 0, 1, 3, 5, 2, 5, 3, 2, 2, 4, '2025-05-13 15:17:44', '2025-05-13 15:17:44'),
(35, 3, 37, 6, 32, 16, 5, 3, 0, 0, 2, 2, 6, 3, 4, 3, 1, 1, -5, '2025-05-13 15:17:44', '2025-05-13 15:17:44'),
(36, 3, 38, 6, 29, 14, 3, 4, 1, 0, 3, 3, 4, 2, 5, 3, 2, 1, -3, '2025-05-13 15:17:44', '2025-05-13 15:17:44'),
(37, 3, 41, 5, 28, 13, 4, 2, 1, 0, 1, 2, 5, 3, 2, 1, 4, 4, 5, '2025-05-13 15:17:44', '2025-05-13 15:17:44'),
(38, 3, 50, 5, 25, 11, 3, 1, 0, 0, 2, 3, 4, 2, 3, 2, 1, 1, 3, '2025-05-13 15:17:44', '2025-05-13 15:17:44'),
(39, 3, 62, 5, 22, 9, 5, 0, 0, 1, 1, 2, 4, 2, 1, 1, 2, 2, 2, '2025-05-13 15:17:44', '2025-05-13 15:17:44'),
(40, 3, 64, 5, 18, 7, 2, 1, 0, 0, 0, 1, 3, 2, 1, 1, 0, 0, 0, '2025-05-13 15:17:44', '2025-05-13 15:17:44'),
(41, 3, 67, 5, 15, 5, 1, 0, 0, 0, 1, 2, 2, 1, 1, 1, 0, 0, 0, '2025-05-13 15:17:44', '2025-05-13 15:17:44'),
(42, 3, 149, 5, 9, 3, 0, 0, 0, 0, 0, 3, 1, 0, 1, 1, 0, 0, -1, '2025-05-13 15:17:44', '2025-05-13 15:17:44'),
(43, 3, 65, 6, 28, 12, 5, 2, 0, 0, 1, 2, 5, 3, 2, 1, 3, 3, -4, '2025-05-13 15:17:44', '2025-05-13 15:17:44'),
(44, 3, 66, 6, 25, 10, 3, 1, 1, 0, 2, 3, 4, 2, 2, 1, 3, 3, -3, '2025-05-13 15:17:44', '2025-05-13 15:17:44'),
(45, 3, 156, 6, 22, 8, 4, 0, 0, 0, 1, 2, 3, 1, 2, 1, 3, 3, -2, '2025-05-13 15:17:44', '2025-05-13 15:17:44'),
(46, 3, 157, 6, 19, 6, 2, 1, 0, 0, 0, 1, 2, 1, 1, 1, 1, 1, -1, '2025-05-13 15:17:44', '2025-05-13 15:17:44'),
(47, 3, 158, 6, 15, 4, 1, 0, 0, 0, 1, 2, 2, 1, 0, 0, 2, 2, 0, '2025-05-13 15:17:44', '2025-05-13 15:17:44'),
(48, 3, 159, 6, 10, 0, 0, 0, 0, 0, 0, 3, 0, 0, 0, 0, 0, 0, 1, '2025-05-13 15:17:44', '2025-05-13 15:17:44'),
(49, 4, 22, 7, 32, 22, 4, 7, 2, 0, 3, 2, 8, 5, 6, 3, 3, 3, 7, '2025-05-13 15:17:44', '2025-05-13 15:17:44'),
(50, 4, 28, 7, 30, 18, 3, 6, 1, 0, 2, 3, 6, 3, 5, 3, 3, 3, 5, '2025-05-13 15:17:44', '2025-05-13 15:17:44'),
(51, 4, 21, 8, 33, 17, 5, 9, 2, 0, 2, 2, 6, 3, 5, 3, 2, 2, -4, '2025-05-13 15:17:44', '2025-05-13 15:17:44'),
(52, 4, 43, 8, 30, 15, 3, 4, 1, 0, 3, 3, 5, 2, 5, 3, 2, 2, -6, '2025-05-13 15:17:44', '2025-05-13 15:17:44'),
(53, 4, 35, 7, 28, 14, 5, 2, 0, 0, 1, 2, 6, 3, 3, 2, 2, 2, 6, '2025-05-13 15:17:44', '2025-05-13 15:17:44'),
(54, 4, 40, 7, 25, 12, 3, 1, 1, 0, 2, 3, 5, 3, 2, 1, 3, 3, 4, '2025-05-13 15:17:44', '2025-05-13 15:17:44'),
(55, 4, 86, 7, 22, 10, 4, 0, 0, 0, 1, 2, 4, 2, 2, 1, 3, 3, 3, '2025-05-13 15:17:44', '2025-05-13 15:17:44'),
(56, 4, 160, 7, 19, 8, 1, 1, 0, 0, 0, 1, 3, 1, 2, 1, 3, 3, 2, '2025-05-13 15:17:44', '2025-05-13 15:17:44'),
(57, 4, 161, 7, 16, 5, 2, 0, 0, 0, 1, 2, 2, 1, 1, 1, 0, 0, 1, '2025-05-13 15:17:44', '2025-05-13 15:17:44'),
(58, 4, 162, 7, 10, 0, 0, 0, 0, 0, 0, 3, 0, 0, 0, 0, 0, 0, 0, '2025-05-13 15:17:44', '2025-05-13 15:17:44'),
(59, 4, 163, 8, 27, 13, 4, 2, 0, 0, 1, 2, 5, 3, 2, 1, 4, 4, -3, '2025-05-13 15:17:44', '2025-05-13 15:17:44'),
(60, 4, 164, 8, 24, 11, 2, 1, 1, 0, 2, 3, 4, 2, 3, 2, 1, 1, -2, '2025-05-13 15:17:44', '2025-05-13 15:17:44'),
(61, 4, 165, 8, 21, 9, 3, 0, 0, 0, 1, 2, 4, 2, 1, 1, 2, 2, -1, '2025-05-13 15:17:44', '2025-05-13 15:17:44'),
(62, 4, 166, 8, 18, 7, 1, 1, 0, 0, 0, 1, 3, 2, 1, 1, 0, 0, 0, '2025-05-13 15:17:44', '2025-05-13 15:17:44'),
(63, 4, 167, 8, 15, 5, 0, 0, 0, 0, 1, 2, 2, 1, 1, 1, 0, 0, 1, '2025-05-13 15:17:44', '2025-05-13 15:17:44'),
(64, 4, 168, 8, 9, 0, 1, 0, 0, 0, 0, 3, 0, 0, 0, 0, 0, 0, -2, '2025-05-13 15:17:44', '2025-05-13 15:17:44'),
(65, 5, 33, 9, 31, 18, 6, 3, 1, 0, 2, 2, 7, 4, 5, 3, 1, 1, 7, '2025-05-13 15:17:44', '2025-05-13 15:17:44'),
(66, 5, 45, 9, 29, 15, 4, 5, 0, 0, 1, 3, 5, 3, 4, 2, 3, 3, 5, '2025-05-13 15:17:44', '2025-05-13 15:17:44'),
(67, 5, 14, 10, 32, 16, 5, 2, 0, 0, 2, 2, 6, 3, 4, 3, 1, 1, -6, '2025-05-13 15:17:44', '2025-05-13 15:17:44'),
(68, 5, 49, 10, 30, 14, 6, 3, 1, 0, 2, 3, 5, 2, 5, 3, 1, 1, -8, '2025-05-13 15:17:44', '2025-05-13 15:17:44'),
(69, 5, 169, 9, 28, 13, 5, 2, 0, 0, 1, 2, 5, 3, 2, 1, 4, 4, 6, '2025-05-13 15:17:44', '2025-05-13 15:17:44'),
(70, 5, 170, 9, 25, 11, 3, 1, 1, 0, 2, 3, 4, 2, 3, 2, 1, 1, 4, '2025-05-13 15:17:44', '2025-05-13 15:17:44'),
(71, 5, 171, 9, 22, 9, 4, 0, 0, 0, 1, 2, 4, 2, 1, 1, 2, 2, 3, '2025-05-13 15:17:44', '2025-05-13 15:17:44'),
(72, 5, 172, 9, 19, 7, 2, 1, 0, 0, 0, 1, 3, 2, 1, 1, 0, 0, 2, '2025-05-13 15:17:44', '2025-05-13 15:17:44'),
(73, 5, 173, 9, 16, 5, 1, 0, 0, 0, 1, 2, 2, 1, 1, 1, 0, 0, 1, '2025-05-13 15:17:44', '2025-05-13 15:17:44'),
(74, 5, 174, 9, 10, 0, 0, 0, 0, 0, 0, 3, 0, 0, 0, 0, 0, 0, 0, '2025-05-13 15:17:44', '2025-05-13 15:17:44'),
(75, 5, 47, 10, 28, 12, 6, 2, 0, 0, 1, 2, 5, 3, 2, 1, 3, 3, -5, '2025-05-13 15:17:44', '2025-05-13 15:17:44'),
(76, 5, 60, 10, 25, 10, 4, 1, 0, 0, 2, 3, 4, 2, 2, 1, 3, 3, -4, '2025-05-13 15:17:44', '2025-05-13 15:17:44'),
(77, 5, 78, 10, 21, 8, 3, 0, 0, 0, 1, 2, 3, 1, 2, 1, 3, 3, -3, '2025-05-13 15:17:44', '2025-05-13 15:17:44'),
(78, 5, 175, 10, 18, 6, 2, 1, 0, 0, 0, 1, 3, 2, 0, 0, 2, 2, -2, '2025-05-13 15:17:44', '2025-05-13 15:17:44'),
(79, 5, 176, 10, 15, 4, 1, 0, 0, 0, 1, 2, 2, 1, 0, 0, 2, 2, -1, '2025-05-13 15:17:44', '2025-05-13 15:17:44'),
(80, 5, 177, 10, 11, 0, 0, 0, 0, 0, 0, 3, 0, 0, 0, 0, 0, 0, 0, '2025-05-13 15:17:44', '2025-05-13 15:17:44'),
(81, 6, 178, 11, 32, 16, 4, 5, 2, 0, 2, 2, 6, 3, 5, 3, 1, 1, -7, '2025-05-13 15:17:44', '2025-05-13 15:17:44'),
(82, 6, 179, 11, 30, 14, 6, 2, 1, 0, 3, 3, 5, 2, 4, 2, 4, 4, -5, '2025-05-13 15:17:44', '2025-05-13 15:17:44'),
(83, 6, 180, 11, 28, 12, 5, 3, 0, 0, 1, 2, 5, 3, 2, 1, 3, 3, -4, '2025-05-13 15:17:44', '2025-05-13 15:17:44'),
(84, 6, 181, 11, 25, 10, 3, 1, 1, 0, 2, 3, 4, 2, 2, 1, 3, 3, -3, '2025-05-13 15:17:44', '2025-05-13 15:17:44'),
(85, 6, 17, 12, 33, 20, 7, 4, 1, 0, 2, 2, 7, 4, 6, 3, 3, 3, 8, '2025-05-13 15:17:44', '2025-05-13 15:17:44'),
(86, 6, 44, 12, 31, 17, 5, 3, 0, 0, 1, 3, 6, 3, 5, 3, 2, 2, 7, '2025-05-13 15:17:44', '2025-05-13 15:17:44'),
(87, 6, 186, 12, 28, 14, 6, 2, 1, 1, 2, 2, 5, 2, 4, 2, 4, 4, 6, '2025-05-13 15:17:44', '2025-05-13 15:17:44'),
(88, 6, 187, 12, 25, 12, 4, 1, 0, 0, 1, 3, 5, 3, 2, 1, 3, 3, 5, '2025-05-13 15:17:44', '2025-05-13 15:17:44'),
(89, 6, 182, 11, 22, 8, 4, 0, 0, 0, 1, 2, 3, 1, 2, 1, 3, 3, -2, '2025-05-13 15:17:44', '2025-05-13 15:17:44'),
(90, 6, 183, 11, 19, 6, 2, 1, 0, 0, 0, 1, 3, 2, 0, 0, 2, 2, -1, '2025-05-13 15:17:44', '2025-05-13 15:17:44'),
(91, 6, 188, 12, 22, 10, 3, 0, 0, 0, 2, 2, 4, 2, 2, 1, 3, 3, 4, '2025-05-13 15:17:44', '2025-05-13 15:17:44'),
(92, 6, 189, 12, 19, 6, 2, 1, 0, 0, 1, 1, 2, 1, 1, 1, 1, 1, 3, '2025-05-13 15:17:44', '2025-05-13 15:17:44'),
(93, 7, 25, 2, 33, 16, 9, 2, 0, 2, 1, 2, 6, 4, 0, 0, 8, 8, 7, '2025-05-13 15:17:44', '2025-05-13 15:17:44'),
(94, 7, 27, 2, 31, 18, 3, 9, 2, 0, 3, 3, 5, 2, 6, 3, 5, 5, 6, '2025-05-13 15:17:44', '2025-05-13 15:17:44'),
(95, 7, 32, 2, 29, 15, 5, 2, 1, 0, 2, 2, 6, 3, 4, 2, 3, 3, 5, '2025-05-13 15:17:44', '2025-05-13 15:17:44'),
(96, 7, 39, 2, 27, 13, 6, 1, 0, 1, 1, 3, 5, 3, 2, 1, 4, 4, 4, '2025-05-13 15:17:44', '2025-05-13 15:17:44'),
(97, 7, 26, 5, 32, 17, 8, 2, 1, 1, 2, 2, 6, 3, 5, 3, 2, 2, -5, '2025-05-13 15:17:44', '2025-05-13 15:17:44'),
(98, 7, 29, 5, 30, 15, 4, 7, 1, 0, 3, 3, 5, 2, 5, 3, 2, 2, -4, '2025-05-13 15:17:44', '2025-05-13 15:17:44'),
(99, 7, 41, 5, 28, 13, 5, 2, 0, 0, 1, 2, 5, 3, 2, 1, 4, 4, -3, '2025-05-13 15:17:44', '2025-05-13 15:17:44'),
(100, 7, 50, 5, 25, 11, 3, 1, 1, 0, 2, 3, 4, 2, 3, 2, 1, 1, -2, '2025-05-13 15:17:44', '2025-05-13 15:17:44'),
(101, 7, 63, 2, 24, 11, 3, 0, 1, 0, 2, 2, 4, 2, 3, 2, 1, 1, 3, '2025-05-13 15:17:44', '2025-05-13 15:17:44'),
(102, 7, 94, 2, 21, 9, 4, 1, 0, 0, 1, 1, 4, 2, 1, 1, 2, 2, 2, '2025-05-13 15:17:44', '2025-05-13 15:17:44'),
(103, 7, 62, 5, 22, 9, 6, 0, 0, 0, 1, 2, 4, 2, 1, 1, 2, 2, -1, '2025-05-13 15:17:44', '2025-05-13 15:17:44'),
(104, 7, 64, 5, 19, 7, 2, 1, 0, 0, 0, 1, 3, 2, 1, 1, 0, 0, 0, '2025-05-13 15:17:44', '2025-05-13 15:17:44'),
(117, 9, 37, 6, 32, 18, 5, 3, 1, 0, 2, 2, 7, 4, 4, 2, 4, 4, 4, '2025-05-13 15:17:44', '2025-05-13 15:17:44'),
(118, 9, 38, 6, 30, 16, 3, 5, 2, 0, 3, 3, 5, 2, 6, 3, 3, 3, 3, '2025-05-13 15:17:44', '2025-05-13 15:17:44'),
(119, 9, 65, 6, 28, 14, 6, 2, 0, 0, 1, 2, 6, 3, 3, 2, 2, 2, 2, '2025-05-13 15:17:44', '2025-05-13 15:17:44'),
(120, 9, 66, 6, 25, 12, 4, 1, 1, 0, 2, 3, 5, 3, 2, 1, 3, 3, 1, '2025-05-13 15:17:44', '2025-05-13 15:17:44'),
(121, 9, 33, 9, 31, 16, 7, 4, 0, 0, 2, 2, 6, 3, 5, 3, 2, 2, -4, '2025-05-13 15:17:44', '2025-05-13 15:17:44'),
(122, 9, 45, 9, 29, 14, 5, 5, 1, 0, 3, 3, 5, 2, 5, 3, 2, 2, -3, '2025-05-13 15:17:44', '2025-05-13 15:17:44'),
(123, 9, 169, 9, 27, 12, 6, 2, 0, 0, 1, 2, 5, 3, 2, 1, 3, 3, -2, '2025-05-13 15:17:44', '2025-05-13 15:17:44'),
(124, 9, 170, 9, 24, 10, 4, 1, 0, 0, 2, 3, 4, 2, 2, 1, 3, 3, -1, '2025-05-13 15:17:44', '2025-05-13 15:17:44'),
(125, 9, 156, 6, 22, 10, 3, 0, 0, 0, 1, 2, 4, 2, 2, 1, 3, 3, 0, '2025-05-13 15:17:44', '2025-05-13 15:17:44'),
(126, 9, 157, 6, 19, 7, 2, 1, 0, 0, 0, 1, 3, 2, 1, 1, 0, 0, -1, '2025-05-13 15:17:44', '2025-05-13 15:17:44'),
(127, 9, 171, 9, 21, 8, 3, 0, 0, 0, 1, 2, 3, 1, 2, 1, 3, 3, 0, '2025-05-13 15:17:44', '2025-05-13 15:17:44'),
(128, 9, 172, 9, 18, 6, 2, 1, 0, 0, 0, 1, 3, 2, 0, 0, 2, 2, 1, '2025-05-13 15:17:44', '2025-05-13 15:17:44'),
(129, 10, 21, 8, 33, 19, 4, 8, 2, 0, 2, 2, 7, 4, 5, 3, 2, 2, 8, '2025-05-13 15:17:44', '2025-05-13 15:17:44'),
(130, 10, 43, 8, 31, 17, 3, 4, 1, 0, 3, 3, 6, 3, 5, 3, 2, 2, 7, '2025-05-13 15:17:44', '2025-05-13 15:17:44'),
(131, 10, 163, 8, 28, 15, 5, 2, 0, 0, 1, 2, 6, 3, 4, 2, 3, 3, 6, '2025-05-13 15:17:44', '2025-05-13 15:17:44'),
(132, 10, 164, 8, 25, 13, 4, 1, 1, 0, 2, 3, 5, 3, 2, 1, 4, 4, 5, '2025-05-13 15:17:44', '2025-05-13 15:17:44'),
(133, 10, 178, 11, 32, 14, 5, 4, 1, 0, 2, 2, 5, 2, 5, 3, 1, 1, -8, '2025-05-13 15:17:44', '2025-05-13 15:17:44'),
(134, 10, 179, 11, 30, 12, 7, 2, 0, 0, 3, 3, 5, 3, 2, 1, 3, 3, -7, '2025-05-13 15:17:44', '2025-05-13 15:17:44'),
(135, 10, 180, 11, 27, 10, 4, 3, 0, 0, 1, 2, 4, 2, 2, 1, 3, 3, -6, '2025-05-13 15:17:44', '2025-05-13 15:17:44'),
(136, 10, 181, 11, 24, 8, 3, 1, 1, 0, 2, 3, 3, 1, 2, 1, 3, 3, -5, '2025-05-13 15:17:44', '2025-05-13 15:17:44'),
(137, 10, 165, 8, 22, 10, 3, 0, 0, 0, 1, 2, 4, 2, 2, 1, 3, 3, 4, '2025-05-13 15:17:44', '2025-05-13 15:17:44'),
(138, 10, 166, 8, 19, 7, 2, 1, 0, 0, 0, 1, 3, 2, 1, 1, 0, 0, 3, '2025-05-13 15:17:44', '2025-05-13 15:17:44'),
(139, 10, 182, 11, 21, 7, 5, 0, 0, 0, 1, 2, 3, 1, 1, 1, 2, 2, -4, '2025-05-13 15:17:44', '2025-05-13 15:17:44'),
(140, 10, 183, 11, 18, 5, 2, 1, 0, 0, 0, 1, 2, 1, 1, 1, 0, 0, -3, '2025-05-13 15:17:44', '2025-05-13 15:17:44'),
(141, 11, 13, 3, 33, 21, 7, 4, 1, 1, 1, 2, 8, 5, 5, 3, 2, 2, 8, '2025-05-13 15:17:44', '2025-05-13 15:17:44'),
(142, 11, 36, 3, 31, 18, 4, 3, 0, 0, 2, 3, 6, 3, 6, 3, 3, 3, 6, '2025-05-13 15:17:44', '2025-05-13 15:17:44'),
(143, 11, 53, 3, 28, 14, 5, 2, 1, 0, 1, 2, 6, 3, 3, 2, 2, 2, 5, '2025-05-13 15:17:44', '2025-05-13 15:17:44'),
(144, 11, 54, 3, 25, 12, 7, 1, 0, 0, 2, 3, 5, 3, 2, 1, 3, 3, 4, '2025-05-13 15:17:44', '2025-05-13 15:17:44'),
(145, 11, 14, 10, 31, 17, 5, 3, 0, 0, 2, 2, 7, 4, 4, 2, 3, 3, -7, '2025-05-13 15:17:44', '2025-05-13 15:17:44'),
(146, 11, 49, 10, 29, 15, 6, 2, 1, 0, 3, 3, 5, 2, 5, 3, 2, 2, -6, '2025-05-13 15:17:44', '2025-05-13 15:17:44'),
(147, 11, 47, 10, 27, 13, 4, 1, 0, 0, 1, 2, 5, 3, 2, 1, 4, 4, -5, '2025-05-13 15:17:44', '2025-05-13 15:17:44'),
(148, 11, 60, 10, 24, 11, 3, 0, 1, 0, 2, 3, 4, 2, 3, 2, 1, 1, -4, '2025-05-13 15:17:44', '2025-05-13 15:17:44'),
(149, 12, 26, 5, 32, 20, 8, 3, 1, 0, 2, 2, 7, 4, 6, 3, 3, 3, 8, '2025-05-13 15:17:44', '2025-05-13 15:17:44'),
(150, 12, 29, 5, 30, 17, 5, 7, 1, 0, 3, 3, 6, 3, 5, 3, 2, 2, 6, '2025-05-13 15:17:44', '2025-05-13 15:17:44'),
(151, 12, 41, 5, 28, 15, 6, 2, 0, 0, 1, 2, 6, 3, 4, 2, 3, 3, 5, '2025-05-13 15:17:44', '2025-05-13 15:17:44'),
(152, 12, 50, 5, 25, 12, 4, 1, 1, 0, 2, 3, 5, 3, 2, 1, 3, 3, 4, '2025-05-13 15:17:44', '2025-05-13 15:17:44'),
(153, 12, 17, 12, 31, 18, 7, 4, 0, 0, 2, 2, 6, 3, 6, 3, 3, 3, -7, '2025-05-13 15:17:44', '2025-05-13 15:17:44'),
(154, 12, 44, 12, 29, 15, 4, 3, 1, 0, 3, 3, 5, 2, 5, 3, 2, 2, -6, '2025-05-13 15:17:44', '2025-05-13 15:17:44'),
(155, 12, 186, 12, 27, 13, 5, 2, 0, 1, 1, 2, 5, 3, 2, 1, 4, 4, -5, '2025-05-13 15:17:44', '2025-05-13 15:17:44'),
(156, 12, 187, 12, 24, 11, 3, 1, 0, 0, 2, 3, 4, 2, 3, 2, 1, 1, -4, '2025-05-13 15:17:44', '2025-05-13 15:17:44'),
(157, 13, 11, 1, 33, 19, 4, 8, 2, 0, 3, 2, 7, 4, 5, 3, 2, 2, 8, '2025-05-13 15:17:44', '2025-05-13 15:17:44'),
(158, 13, 52, 1, 31, 17, 5, 3, 1, 0, 2, 3, 6, 3, 5, 3, 2, 2, 6, '2025-05-13 15:17:44', '2025-05-13 15:17:44'),
(159, 13, 57, 1, 28, 14, 4, 2, 0, 0, 1, 2, 6, 3, 3, 2, 3, 3, 5, '2025-05-13 15:17:44', '2025-05-13 15:17:44'),
(160, 13, 124, 1, 25, 12, 6, 1, 1, 0, 2, 3, 5, 3, 2, 1, 3, 3, 4, '2025-05-13 15:17:44', '2025-05-13 15:17:44'),
(161, 13, 15, 4, 32, 15, 5, 6, 1, 0, 2, 2, 6, 3, 4, 2, 3, 3, -6, '2025-05-13 15:17:44', '2025-05-13 15:17:44'),
(162, 13, 19, 4, 30, 13, 4, 3, 0, 0, 3, 3, 5, 2, 4, 2, 3, 3, -5, '2025-05-13 15:17:44', '2025-05-13 15:17:44'),
(163, 13, 142, 4, 27, 11, 6, 2, 0, 0, 1, 2, 5, 3, 2, 1, 2, 2, -4, '2025-05-13 15:17:44', '2025-05-13 15:17:44'),
(164, 13, 143, 4, 24, 9, 3, 1, 1, 0, 2, 3, 4, 2, 2, 1, 2, 2, -3, '2025-05-13 15:17:44', '2025-05-13 15:17:44'),
(165, 14, 23, 2, 33, 22, 7, 4, 1, 0, 2, 2, 8, 5, 6, 3, 3, 3, 9, '2025-05-13 15:17:44', '2025-05-13 15:17:44'),
(166, 14, 27, 2, 31, 18, 3, 8, 2, 0, 3, 3, 6, 3, 6, 3, 3, 3, 7, '2025-05-13 15:17:44', '2025-05-13 15:17:44'),
(167, 14, 25, 2, 28, 15, 8, 2, 0, 2, 1, 2, 7, 4, 0, 0, 7, 7, 6, '2025-05-13 15:17:44', '2025-05-13 15:17:44'),
(168, 14, 30, 2, 25, 13, 5, 1, 0, 1, 2, 3, 5, 3, 2, 1, 4, 4, 5, '2025-05-13 15:17:44', '2025-05-13 15:17:44'),
(169, 14, 22, 7, 32, 20, 5, 7, 2, 0, 2, 2, 7, 4, 6, 3, 3, 3, -8, '2025-05-13 15:17:44', '2025-05-13 15:17:44'),
(170, 14, 28, 7, 30, 18, 4, 5, 1, 0, 3, 3, 6, 3, 6, 3, 3, 3, -6, '2025-05-13 15:17:44', '2025-05-13 15:17:44'),
(171, 14, 35, 7, 27, 15, 6, 2, 0, 0, 1, 2, 6, 3, 4, 2, 3, 3, -5, '2025-05-13 15:17:44', '2025-05-13 15:17:44'),
(172, 14, 40, 7, 24, 13, 3, 1, 1, 0, 2, 3, 5, 3, 2, 1, 4, 4, -4, '2025-05-13 15:17:44', '2025-05-13 15:17:44');

-- --------------------------------------------------------

--
-- Table structure for table `match_player_stats`
--

CREATE TABLE `match_player_stats` (
  `id` int(11) NOT NULL,
  `match_id` int(11) NOT NULL,
  `player_id` int(11) NOT NULL,
  `team_id` int(11) NOT NULL,
  `minutes_played` int(11) DEFAULT NULL,
  `points` int(11) DEFAULT NULL,
  `rebounds` int(11) DEFAULT NULL,
  `assists` int(11) DEFAULT NULL,
  `steals` int(11) DEFAULT NULL,
  `blocks` int(11) DEFAULT NULL,
  `turnovers` int(11) DEFAULT NULL,
  `fouls` int(11) DEFAULT NULL,
  `fg2_attempts` int(11) DEFAULT NULL,
  `fg2_made` int(11) DEFAULT NULL,
  `fg3_attempts` int(11) DEFAULT NULL,
  `fg3_made` int(11) DEFAULT NULL,
  `ft_attempts` int(11) DEFAULT NULL,
  `ft_made` int(11) DEFAULT NULL,
  `plus_minus` int(11) DEFAULT NULL,
  `created_at` timestamp NOT NULL DEFAULT current_timestamp(),
  `updated_at` timestamp NOT NULL DEFAULT current_timestamp() ON UPDATE current_timestamp()
) ENGINE=InnoDB DEFAULT CHARSET=utf8mb4 COLLATE=utf8mb4_general_ci;

--
-- Dumping data for table `match_player_stats`
--

INSERT INTO `match_player_stats` (`id`, `match_id`, `player_id`, `team_id`, `minutes_played`, `points`, `rebounds`, `assists`, `steals`, `blocks`, `turnovers`, `fouls`, `fg2_attempts`, `fg2_made`, `fg3_attempts`, `fg3_made`, `ft_attempts`, `ft_made`, `plus_minus`, `created_at`, `updated_at`) VALUES
(51, 3, 118, 5, 23, 10, 3, 1, 1, 0, 1, 2, 4, 2, 2, 1, 3, 3, -9, '2025-05-13 15:17:44', '2025-05-13 15:17:44'),
(52, 3, 119, 5, 19, 9, 4, 0, 0, 0, 2, 1, 3, 2, 1, 1, 2, 2, -7, '2025-05-13 15:17:44', '2025-05-13 15:17:44'),
(53, 3, 120, 5, 16, 8, 2, 1, 0, 0, 1, 2, 3, 2, 2, 1, 1, 1, -5, '2025-05-13 15:17:44', '2025-05-13 15:17:44'),
(54, 3, 121, 5, 14, 6, 1, 0, 1, 0, 0, 3, 2, 1, 1, 1, 1, 1, -3, '2025-05-13 15:17:44', '2025-05-13 15:17:44'),
(55, 3, 122, 5, 10, 3, 0, 1, 0, 0, 1, 2, 1, 0, 2, 1, 0, 0, -2, '2025-05-13 15:17:44', '2025-05-13 15:17:44'),
(56, 3, 123, 5, 8, 0, 2, 0, 0, 0, 0, 1, 0, 0, 0, 0, 0, 0, -1, '2025-05-13 15:17:44', '2025-05-13 15:17:44'),
(82, 11, 124, 14, 26, 14, 4, 3, 1, 0, 2, 2, 6, 3, 2, 1, 5, 5, -6, '2025-05-13 15:17:44', '2025-05-13 15:17:44'),
(83, 11, 125, 14, 23, 12, 6, 2, 0, 1, 1, 3, 5, 3, 3, 2, 0, 0, -5, '2025-05-13 15:17:44', '2025-05-13 15:17:44'),
(84, 11, 126, 14, 20, 10, 3, 1, 1, 0, 2, 2, 4, 2, 3, 2, 0, 0, -4, '2025-05-13 15:17:44', '2025-05-13 15:17:44'),
(85, 11, 127, 14, 18, 8, 2, 0, 0, 0, 1, 1, 3, 2, 1, 1, 1, 1, -3, '2025-05-13 15:17:44', '2025-05-13 15:17:44'),
(86, 11, 128, 14, 16, 5, 4, 1, 0, 1, 0, 2, 2, 1, 1, 1, 0, 0, -2, '2025-05-13 15:17:44', '2025-05-13 15:17:44'),
(87, 11, 129, 14, 12, 3, 1, 0, 0, 0, 1, 3, 1, 0, 2, 1, 0, 0, -1, '2025-05-13 15:17:44', '2025-05-13 15:17:44'),
(88, 11, 130, 14, 8, 0, 0, 0, 0, 0, 0, 1, 0, 0, 0, 0, 0, 0, 0, '2025-05-13 15:17:44', '2025-05-13 15:17:44'),
(89, 11, 131, 15, 24, 9, 4, 3, 0, 0, 1, 2, 3, 2, 2, 1, 2, 2, 4, '2025-05-13 15:17:44', '2025-05-13 15:17:44'),
(90, 11, 132, 15, 20, 6, 3, 2, 1, 0, 0, 1, 2, 1, 2, 1, 0, 0, 3, '2025-05-13 15:17:44', '2025-05-13 15:17:44'),
(91, 11, 133, 15, 17, 4, 5, 1, 0, 0, 1, 2, 1, 0, 2, 1, 1, 1, 2, '2025-05-13 15:17:44', '2025-05-13 15:17:44'),
(92, 11, 134, 15, 14, 0, 2, 0, 0, 0, 0, 3, 0, 0, 0, 0, 0, 0, 1, '2025-05-13 15:17:44', '2025-05-13 15:17:44'),
(98, 12, 135, 16, 24, 12, 3, 5, 1, 0, 1, 2, 5, 3, 2, 1, 3, 3, 7, '2025-05-13 15:17:44', '2025-05-13 15:17:44'),
(99, 12, 136, 16, 22, 10, 5, 2, 0, 0, 1, 3, 4, 2, 3, 2, 0, 0, 5, '2025-05-13 15:17:44', '2025-05-13 15:17:44'),
(100, 12, 137, 16, 19, 8, 2, 1, 2, 0, 2, 2, 3, 1, 3, 2, 0, 0, 4, '2025-05-13 15:17:44', '2025-05-13 15:17:44'),
(101, 12, 138, 16, 16, 7, 4, 2, 1, 1, 1, 1, 3, 2, 1, 1, 0, 0, 3, '2025-05-13 15:17:44', '2025-05-13 15:17:44'),
(102, 12, 139, 16, 14, 5, 1, 0, 0, 0, 0, 2, 2, 1, 1, 1, 0, 0, 2, '2025-05-13 15:17:44', '2025-05-13 15:17:44'),
(103, 12, 140, 16, 10, 3, 0, 1, 0, 0, 1, 3, 1, 0, 2, 1, 0, 0, 1, '2025-05-13 15:17:44', '2025-05-13 15:17:44'),
(104, 12, 141, 16, 9, 0, 2, 0, 0, 0, 0, 1, 0, 0, 0, 0, 0, 0, 0, '2025-05-13 15:17:44', '2025-05-13 15:17:44'),
(105, 12, 142, 17, 26, 14, 3, 2, 0, 0, 2, 2, 6, 3, 2, 1, 5, 4, -7, '2025-05-13 15:17:44', '2025-05-13 15:17:44'),
(106, 12, 143, 17, 23, 12, 6, 1, 1, 1, 1, 3, 5, 3, 2, 1, 3, 3, -6, '2025-05-13 15:17:44', '2025-05-13 15:17:44'),
(107, 12, 144, 17, 21, 10, 5, 0, 0, 0, 2, 2, 4, 2, 3, 2, 0, 0, -5, '2025-05-13 15:17:44', '2025-05-13 15:17:44'),
(108, 12, 145, 17, 18, 8, 2, 3, 1, 0, 1, 1, 3, 2, 1, 1, 1, 1, -3, '2025-05-13 15:17:44', '2025-05-13 15:17:44'),
(109, 12, 146, 17, 15, 5, 3, 1, 0, 0, 0, 2, 2, 1, 1, 1, 0, 0, -2, '2025-05-13 15:17:44', '2025-05-13 15:17:44'),
(110, 12, 147, 17, 12, 3, 0, 0, 0, 0, 1, 3, 1, 0, 2, 1, 0, 0, -1, '2025-05-13 15:17:44', '2025-05-13 15:17:44'),
(111, 12, 148, 17, 8, 0, 2, 0, 0, 0, 0, 1, 0, 0, 0, 0, 0, 0, 0, '2025-05-13 15:17:44', '2025-05-13 15:17:44'),
(136, 14, 163, 20, 26, 14, 6, 2, 0, 1, 1, 2, 6, 3, 3, 2, 2, 2, 7, '2025-05-13 15:17:44', '2025-05-13 15:17:44'),
(137, 14, 164, 20, 22, 10, 3, 1, 1, 0, 2, 3, 4, 2, 3, 2, 0, 0, 5, '2025-05-13 15:17:44', '2025-05-13 15:17:44'),
(138, 14, 165, 20, 19, 9, 5, 0, 0, 0, 1, 2, 3, 1, 4, 2, 1, 1, 4, '2025-05-13 15:17:44', '2025-05-13 15:17:44'),
(139, 14, 166, 20, 16, 7, 2, 1, 0, 1, 0, 1, 3, 2, 1, 1, 0, 0, 3, '2025-05-13 15:17:44', '2025-05-13 15:17:44'),
(140, 14, 167, 20, 14, 5, 4, 0, 1, 0, 1, 2, 2, 1, 1, 1, 0, 0, 2, '2025-05-13 15:17:44', '2025-05-13 15:17:44'),
(141, 14, 168, 20, 10, 0, 0, 1, 0, 0, 0, 3, 0, 0, 0, 0, 0, 0, 1, '2025-05-13 15:17:44', '2025-05-13 15:17:44'),
(142, 14, 169, 21, 28, 13, 5, 2, 1, 0, 1, 2, 5, 3, 3, 2, 1, 1, -8, '2025-05-13 15:17:44', '2025-05-13 15:17:44'),
(143, 14, 170, 21, 24, 12, 3, 1, 0, 1, 2, 3, 4, 2, 4, 2, 2, 2, -7, '2025-05-13 15:17:44', '2025-05-13 15:17:44'),
(144, 14, 171, 21, 21, 10, 4, 0, 0, 0, 1, 2, 4, 2, 3, 2, 0, 0, -5, '2025-05-13 15:17:44', '2025-05-13 15:17:44'),
(145, 14, 172, 21, 18, 8, 3, 1, 1, 0, 0, 1, 3, 2, 1, 1, 1, 1, -3, '2025-05-13 15:17:44', '2025-05-13 15:17:44'),
(146, 14, 173, 21, 15, 5, 2, 0, 0, 0, 1, 2, 2, 1, 1, 1, 0, 0, -2, '2025-05-13 15:17:44', '2025-05-13 15:17:44'),
(147, 14, 174, 21, 11, 1, 0, 0, 0, 0, 0, 3, 0, 0, 1, 0, 1, 1, -1, '2025-05-13 15:17:44', '2025-05-13 15:17:44'),
(148, 14, 175, 21, 6, 0, 1, 0, 0, 0, 1, 1, 0, 0, 0, 0, 0, 0, 0, '2025-05-13 15:17:44', '2025-05-13 15:17:44'),
(154, 15, 176, 22, 25, 16, 6, 2, 0, 1, 1, 2, 6, 3, 5, 3, 1, 1, 8, '2025-05-13 15:17:44', '2025-05-13 15:17:44'),
(155, 15, 177, 22, 22, 12, 4, 1, 1, 0, 2, 3, 5, 3, 2, 1, 3, 3, 4, '2025-05-13 15:17:44', '2025-05-13 15:17:44'),
(156, 15, 178, 22, 19, 8, 3, 0, 0, 0, 1, 2, 3, 2, 1, 1, 1, 1, 3, '2025-05-13 15:17:44', '2025-05-13 15:17:44'),
(157, 15, 179, 22, 16, 6, 2, 1, 0, 0, 0, 1, 3, 2, 0, 0, 2, 2, 2, '2025-05-13 15:17:44', '2025-05-13 15:17:44'),
(158, 15, 180, 22, 14, 4, 1, 0, 1, 1, 1, 2, 2, 1, 1, 0, 2, 2, 1, '2025-05-13 15:17:44', '2025-05-13 15:17:44'),
(159, 15, 181, 22, 11, 0, 0, 1, 0, 0, 0, 3, 0, 0, 0, 0, 0, 0, 0, '2025-05-13 15:17:44', '2025-05-13 15:17:44'),
(160, 15, 182, 23, 26, 16, 5, 2, 1, 0, 1, 2, 6, 3, 4, 3, 1, 1, -5, '2025-05-13 15:17:44', '2025-05-13 15:17:44'),
(161, 15, 183, 23, 24, 14, 3, 1, 0, 0, 2, 3, 5, 3, 3, 2, 2, 2, -4, '2025-05-13 15:17:44', '2025-05-13 15:17:44'),
(162, 15, 184, 23, 21, 12, 6, 0, 1, 1, 1, 2, 5, 3, 2, 1, 3, 3, -3, '2025-05-13 15:17:44', '2025-05-13 15:17:44'),
(163, 15, 152, 23, 19, 8, 2, 3, 0, 0, 0, 1, 3, 2, 1, 1, 1, 1, -2, '2025-05-13 15:17:44', '2025-05-13 15:17:44'),
(164, 15, 153, 23, 16, 5, 4, 1, 0, 0, 1, 2, 2, 1, 1, 1, 0, 0, -1, '2025-05-13 15:17:44', '2025-05-13 15:17:44'),
(165, 15, 154, 23, 12, 0, 1, 0, 0, 0, 0, 3, 0, 0, 0, 0, 0, 0, 0, '2025-05-13 15:17:44', '2025-05-13 15:17:44'),
(166, 15, 155, 23, 5, 0, 0, 0, 0, 0, 1, 1, 0, 0, 0, 0, 0, 0, 0, '2025-05-13 15:17:44', '2025-05-13 15:17:44'),
(172, 16, 156, 24, 28, 15, 5, 3, 1, 0, 2, 2, 6, 3, 4, 3, 0, 0, -12, '2025-05-13 15:17:44', '2025-05-13 15:17:44'),
(173, 16, 157, 24, 25, 12, 4, 2, 0, 1, 1, 3, 5, 3, 2, 1, 3, 3, -9, '2025-05-13 15:17:44', '2025-05-13 15:17:44'),
(174, 16, 158, 24, 22, 10, 2, 1, 0, 0, 2, 2, 4, 2, 3, 2, 0, 0, -8, '2025-05-13 15:17:44', '2025-05-13 15:17:44'),
(175, 16, 159, 24, 19, 8, 6, 0, 1, 0, 1, 1, 3, 2, 1, 1, 1, 1, -6, '2025-05-13 15:17:44', '2025-05-13 15:17:44'),
(176, 16, 160, 24, 16, 5, 3, 1, 0, 0, 0, 2, 2, 1, 1, 1, 0, 0, -5, '2025-05-13 15:17:44', '2025-05-13 15:17:44'),
(177, 16, 161, 24, 12, 2, 0, 0, 0, 0, 1, 3, 1, 1, 0, 0, 0, 0, -3, '2025-05-13 15:17:44', '2025-05-13 15:17:44'),
(178, 16, 162, 24, 8, 0, 1, 0, 0, 0, 0, 1, 0, 0, 0, 0, 0, 0, -1, '2025-05-13 15:17:44', '2025-05-13 15:17:44'),
(179, 16, 163, 25, 26, 13, 5, 2, 0, 0, 1, 2, 5, 3, 3, 2, 1, 1, 9, '2025-05-13 15:17:44', '2025-05-13 15:17:44'),
(180, 16, 164, 25, 23, 10, 4, 1, 1, 0, 2, 3, 4, 2, 2, 1, 3, 3, 8, '2025-05-13 15:17:44', '2025-05-13 15:17:44'),
(181, 16, 165, 25, 20, 8, 3, 0, 0, 1, 1, 2, 3, 1, 3, 2, 0, 0, 7, '2025-05-13 15:17:44', '2025-05-13 15:17:44'),
(182, 16, 166, 25, 17, 6, 2, 1, 0, 0, 0, 1, 3, 2, 0, 0, 2, 2, 5, '2025-05-13 15:17:44', '2025-05-13 15:17:44'),
(183, 16, 167, 25, 14, 3, 1, 0, 0, 0, 1, 2, 1, 0, 2, 1, 0, 0, 2, '2025-05-13 15:17:44', '2025-05-13 15:17:44'),
(184, 16, 168, 25, 8, 0, 0, 0, 0, 0, 0, 3, 0, 0, 0, 0, 0, 0, 1, '2025-05-13 15:17:44', '2025-05-13 15:17:44'),
(190, 17, 127, 15, 25, 10, 7, 2, 0, 1, 1, 2, 4, 2, 3, 2, 0, 0, 5, '2025-05-13 15:17:44', '2025-05-13 15:17:44'),
(191, 17, 141, 15, 22, 8, 4, 3, 1, 0, 0, 3, 3, 2, 1, 1, 1, 1, 3, '2025-05-13 15:17:44', '2025-05-13 15:17:44'),
(192, 17, 142, 15, 19, 7, 2, 1, 0, 0, 1, 2, 3, 2, 1, 1, 0, 0, 2, '2025-05-13 15:17:44', '2025-05-13 15:17:44'),
(193, 17, 143, 15, 16, 5, 5, 1, 1, 0, 0, 1, 2, 1, 1, 1, 0, 0, 1, '2025-05-13 15:17:44', '2025-05-13 15:17:44'),
(194, 17, 144, 15, 14, 4, 2, 0, 0, 1, 1, 2, 2, 1, 0, 0, 2, 2, 0, '2025-05-13 15:17:44', '2025-05-13 15:17:44'),
(196, 17, 208, 16, 28, 16, 6, 2, 1, 0, 1, 2, 6, 3, 5, 3, 1, 1, -8, '2025-05-13 15:17:44', '2025-05-13 15:17:44'),
(197, 17, 209, 16, 25, 12, 4, 1, 0, 0, 2, 3, 5, 3, 2, 1, 3, 3, -5, '2025-05-13 15:17:44', '2025-05-13 15:17:44'),
(198, 17, 210, 16, 21, 10, 3, 0, 0, 1, 1, 2, 4, 2, 3, 2, 0, 0, -4, '2025-05-13 15:17:44', '2025-05-13 15:17:44'),
(199, 17, 211, 16, 18, 8, 2, 1, 1, 0, 0, 1, 3, 2, 1, 1, 1, 1, -3, '2025-05-13 15:17:44', '2025-05-13 15:17:44'),
(200, 17, 212, 16, 15, 5, 4, 0, 0, 0, 1, 2, 2, 1, 1, 1, 0, 0, -1, '2025-05-13 15:17:44', '2025-05-13 15:17:44'),
(201, 17, 213, 16, 10, 3, 0, 0, 0, 0, 0, 3, 1, 0, 2, 1, 0, 0, 0, '2025-05-13 15:17:44', '2025-05-13 15:17:44'),
(202, 17, 214, 16, 6, 0, 1, 0, 0, 0, 1, 1, 0, 0, 0, 0, 0, 0, 1, '2025-05-13 15:17:44', '2025-05-13 15:17:44'),
(208, 18, 169, 17, 26, 13, 4, 2, 0, 0, 1, 2, 5, 3, 3, 2, 1, 1, -4, '2025-05-13 15:17:44', '2025-05-13 15:17:44'),
(209, 18, 170, 17, 24, 10, 5, 1, 1, 0, 2, 3, 4, 2, 3, 2, 0, 0, -2, '2025-05-13 15:17:44', '2025-05-13 15:17:44'),
(215, 18, 222, 18, 27, 12, 5, 3, 0, 0, 1, 2, 5, 3, 2, 1, 2, 2, 2, '2025-05-13 15:17:44', '2025-05-13 15:17:44'),
(216, 18, 223, 18, 24, 10, 4, 1, 1, 0, 2, 3, 4, 2, 3, 2, 0, 0, 1, '2025-05-13 15:17:44', '2025-05-13 15:17:44'),
(217, 18, 224, 18, 20, 8, 3, 0, 0, 0, 1, 2, 3, 1, 2, 1, 3, 3, 0, '2025-05-13 15:17:44', '2025-05-13 15:17:44'),
(218, 18, 225, 18, 17, 5, 2, 1, 0, 0, 0, 1, 2, 1, 1, 1, 0, 0, -1, '2025-05-13 15:17:44', '2025-05-13 15:17:44'),
(219, 18, 226, 18, 13, 3, 1, 0, 0, 0, 1, 2, 1, 0, 2, 1, 0, 0, -2, '2025-05-13 15:17:44', '2025-05-13 15:17:44'),
(220, 18, 227, 18, 6, 2, 0, 0, 0, 0, 0, 3, 1, 1, 0, 0, 0, 0, -3, '2025-05-13 15:17:44', '2025-05-13 15:17:44'),
(244, 20, 241, 21, 28, 14, 5, 3, 1, 0, 2, 2, 5, 3, 4, 2, 2, 2, 6, '2025-05-13 15:17:44', '2025-05-13 15:17:44'),
(245, 20, 242, 21, 25, 12, 3, 1, 0, 1, 1, 3, 5, 3, 2, 1, 3, 3, 3, '2025-05-13 15:17:44', '2025-05-13 15:17:44'),
(246, 20, 243, 21, 22, 10, 6, 0, 0, 0, 2, 2, 4, 2, 3, 2, 0, 0, 2, '2025-05-13 15:17:44', '2025-05-13 15:17:44'),
(247, 20, 244, 21, 19, 8, 2, 1, 1, 0, 1, 1, 3, 2, 1, 1, 1, 1, 1, '2025-05-13 15:17:44', '2025-05-13 15:17:44'),
(248, 20, 245, 21, 16, 6, 4, 0, 0, 0, 0, 2, 3, 2, 0, 0, 2, 2, 0, '2025-05-13 15:17:44', '2025-05-13 15:17:44'),
(249, 20, 246, 21, 13, 0, 1, 0, 0, 0, 1, 3, 0, 0, 0, 0, 0, 0, -1, '2025-05-13 15:17:44', '2025-05-13 15:17:44'),
(250, 20, 247, 21, 8, 0, 0, 0, 0, 0, 0, 1, 0, 0, 0, 0, 0, 0, -2, '2025-05-13 15:17:44', '2025-05-13 15:17:44'),
(251, 20, 152, 22, 27, 15, 6, 2, 1, 0, 1, 2, 6, 3, 4, 3, 0, 0, -5, '2025-05-13 15:17:44', '2025-05-13 15:17:44'),
(252, 20, 153, 22, 24, 13, 3, 1, 0, 0, 2, 3, 5, 3, 3, 2, 1, 1, -2, '2025-05-13 15:17:44', '2025-05-13 15:17:44'),
(253, 20, 154, 22, 21, 10, 5, 0, 0, 1, 1, 2, 4, 2, 3, 2, 0, 0, -1, '2025-05-13 15:17:44', '2025-05-13 15:17:44'),
(254, 20, 155, 22, 18, 7, 2, 1, 0, 0, 0, 1, 3, 1, 1, 1, 2, 2, 0, '2025-05-13 15:17:44', '2025-05-13 15:17:44'),
(255, 20, 156, 22, 14, 5, 3, 0, 0, 0, 1, 2, 2, 1, 1, 1, 0, 0, 1, '2025-05-13 15:17:44', '2025-05-13 15:17:44'),
(256, 20, 121, 22, 12, 0, 1, 0, 0, 0, 0, 3, 0, 0, 0, 0, 0, 0, 2, '2025-05-13 15:17:44', '2025-05-13 15:17:44'),
(257, 20, 122, 22, 8, 0, 0, 0, 0, 0, 1, 1, 0, 0, 0, 0, 0, 0, 3, '2025-05-13 15:17:44', '2025-05-13 15:17:44');

-- --------------------------------------------------------

--
-- Table structure for table `players`
--

CREATE TABLE `players` (
  `id` int(11) NOT NULL,
  `name` varchar(255) NOT NULL,
  `number` int(11) DEFAULT NULL,
  `team` varchar(255) DEFAULT NULL,
  `position` varchar(50) DEFAULT NULL,
  `photo` varchar(255) DEFAULT NULL,
  `points` float DEFAULT NULL,
  `rebounds` float DEFAULT NULL,
  `assists` float DEFAULT NULL,
  `minutes` float DEFAULT NULL,
  `fg2_attempts` float DEFAULT NULL,
  `fg2_made` float DEFAULT NULL,
  `fg3_attempts` float DEFAULT NULL,
  `fg3_made` float DEFAULT NULL,
  `ft_attempts` float DEFAULT NULL,
  `ft_made` float DEFAULT NULL,
  `steals` float DEFAULT NULL,
  `blocks` float DEFAULT NULL,
  `turnovers` float DEFAULT NULL,
  `fouls_committed` float DEFAULT NULL,
  `fouls_received` float DEFAULT NULL,
  `pir` float DEFAULT NULL,
  `data_of_birth` date DEFAULT NULL,
  `height` int(11) DEFAULT NULL,
  `nationality` varchar(255) DEFAULT NULL,
  `fact_1` varchar(255) DEFAULT NULL,
  `fact_2` varchar(255) DEFAULT NULL,
  `fact_3` varchar(255) DEFAULT NULL
) ENGINE=InnoDB DEFAULT CHARSET=utf8mb4 COLLATE=utf8mb4_general_ci;

--
-- Dumping data for table `players`
--

INSERT INTO `players` (`id`, `name`, `number`, `team`, `position`, `photo`, `points`, `rebounds`, `assists`, `minutes`, `fg2_attempts`, `fg2_made`, `fg3_attempts`, `fg3_made`, `ft_attempts`, `ft_made`, `steals`, `blocks`, `turnovers`, `fouls_committed`, `fouls_received`, `pir`, `data_of_birth`, `height`, `nationality`, `fact_1`, `fact_2`, `fact_3`) VALUES
(1, 'Gabriele Procida', 1, 'ALBA Berlin', 'SG', NULL, 9.7, 2.2, 0.8, 22, 5, 3, 3, 1, 2, 1, 0.7, 0.3, 1.2, 1.5, 2, 7.7, NULL, NULL, NULL, NULL, NULL, NULL),
(2, 'Matteo Spagnolo', 3, 'ALBA Berlin', 'PG', NULL, 9.6, 2, 3.8, 24, 4, 2, 4, 1, 2, 2, 0.5, 0, 1.5, 1.2, 1.8, 8.9, NULL, NULL, NULL, NULL, NULL, NULL),
(3, 'Malte Delow', 6, 'ALBA Berlin', 'SG', NULL, 5.7, 2.7, 1.6, 20, 3, 2, 2, 1, 1, 1, 0.8, 0.2, 1, 1.3, 1.5, 5.9, NULL, NULL, NULL, NULL, NULL, NULL),
(4, 'Will Mcdowell-White', 7, 'ALBA Berlin', 'PG', NULL, 5.7, 1.7, 3.8, 22, 3, 2, 2, 1, 1, 1, 0.6, 0.1, 1.2, 1.1, 1.4, 7, NULL, NULL, NULL, NULL, NULL, NULL),
(5, 'Antorn Nuffer', 8, 'ALBA Berlin', 'SG', NULL, 2.5, 1, 0.5, 10, 2, 1, 1, 0, 1, 1, 0.3, 0.1, 0.8, 0.9, 1, 2.5, NULL, NULL, NULL, NULL, NULL, NULL),
(6, 'Jonas Mattisseck', 9, 'ALBA Berlin', 'PG', NULL, 2.4, 0.8, 0.5, 12, 2, 1, 1, 0, 1, 1, 0.5, 0, 0.9, 1, 1.2, 0.4, NULL, NULL, NULL, NULL, NULL, NULL),
(7, 'Matt Thomas', 11, 'ALBA Berlin', 'SG', NULL, 12.3, 2, 1.5, 25, 6, 3, 5, 2, 2, 2, 0.4, 0, 1.3, 1.4, 1.6, 9.7, NULL, NULL, NULL, NULL, NULL, NULL),
(8, 'Martic Hermannsson', 15, 'ALBA Berlin', 'PG', NULL, 9.5, 1.6, 5.7, 24, 4, 2, 3, 1, 2, 2, 0.6, 0, 1.1, 1.2, 1.5, 10.8, NULL, NULL, NULL, NULL, NULL, NULL),
(9, 'Dorian Grosber', 2, 'ALBA Berlin', 'SF', NULL, 3, 1.5, 0.5, 12, 2, 1, 1, 0, 1, 1, 0.4, 0.1, 0.9, 1, 1.2, 3, NULL, NULL, NULL, NULL, NULL, NULL),
(10, 'Yanni Wetzell', 5, 'ALBA Berlin', 'PF', NULL, 11.2, 4.4, 1.6, 23, 5, 3, 2, 1, 2, 2, 0.8, 0.2, 1.4, 1.6, 2, 11.4, NULL, NULL, NULL, NULL, NULL, NULL),
(11, 'Tim Schneider', 10, 'ALBA Berlin', 'PF', NULL, 5.6, 3.3, 0.4, 18, 3, 2, 2, 1, 1, 1, 0.4, 0.2, 1, 1.2, 1.5, 5.6, NULL, NULL, NULL, NULL, NULL, NULL),
(12, 'Louis Olinde', 19, 'ALBA Berlin', 'SF', NULL, 5.6, 2.8, 1.1, 20, 3, 2, 2, 1, 1, 1, 0.3, 0.5, 1.1, 1.3, 1.6, 5.1, NULL, NULL, NULL, NULL, NULL, NULL),
(13, 'Amon Doerries', 22, 'ALBA Berlin', 'C', NULL, 3.5, 2, 0.3, 14, 2, 1, 1, 0, 1, 1, 0.2, 0.3, 0.9, 1, 1.2, 3.5, NULL, NULL, NULL, NULL, NULL, NULL),
(14, 'Robert Baker II', 23, 'ALBA Berlin', 'PF', NULL, 6.1, 2.7, 0.3, 16, 3, 2, 2, 1, 1, 1, 0.4, 0.3, 1, 1.2, 1.4, 5.6, NULL, NULL, NULL, NULL, NULL, NULL),
(15, 'Elias Rapieque', 25, 'ALBA Berlin', 'SF', NULL, 4.2, 2.1, 1.3, 15, 2, 1, 1, 0, 1, 1, 0.6, 0, 1, 1.1, 1.3, 2.6, NULL, NULL, NULL, NULL, NULL, NULL),
(16, 'Justin Bean', 34, 'ALBA Berlin', 'SF', NULL, 3.8, 2.5, 0.6, 14, 2, 1, 1, 0, 1, 1, 0.5, 0.2, 0.9, 1, 1.2, 3.8, NULL, NULL, NULL, NULL, NULL, NULL),
(17, 'David McCormack', 33, 'ALBA Berlin', 'C', NULL, 10.5, 5.7, 0.7, 22, 5, 3, 1, 0, 2, 2, 1, 0.1, 1.3, 1.5, 1.8, 12.4, NULL, NULL, NULL, NULL, NULL, NULL),
(18, 'Shane Larkin', 0, 'Anadolu Efes Istanbul', 'PG', NULL, 11.7, 2.6, 4.5, 30, 8, 4, 5, 2, 3, 3, 1.2, 0, 2, 1.8, 2, 15.5, NULL, NULL, NULL, NULL, NULL, NULL),
(19, 'Rodrigue Beaubois', 1, 'Anadolu Efes Istanbul', 'SG', NULL, 8.9, 1.4, 1.6, 20, 6, 3, 4, 2, 2, 2, 0.7, 0.3, 1.5, 1.2, 1.5, 8.1, NULL, NULL, NULL, NULL, NULL, NULL),
(20, 'Elijah Bryant', 6, 'Anadolu Efes Istanbul', 'SG', NULL, 13.8, 4.2, 3.1, 27, 7, 4, 4, 1, 3, 3, 1.2, 0.2, 2.2, 2.7, 3.7, 14.4, NULL, NULL, NULL, NULL, NULL, NULL),
(21, 'Ridvan Oncel', 10, 'Anadolu Efes Istanbul', 'PG', NULL, 3, 1, 1, 12, 3, 1, 2, 0, 1, 1, 0.5, 0.1, 1, 1, 1.2, 3.5, NULL, NULL, NULL, NULL, NULL, NULL),
(22, 'Darius Thompson', 13, 'Anadolu Efes Istanbul', 'PG', NULL, 13, 2.7, 6.1, 28, 6, 4, 3, 1, 2, 2, 1.3, 0.6, 2, 2, 2.5, 15, NULL, NULL, NULL, NULL, NULL, NULL),
(23, 'Perry Dozier Jr.', 15, 'Anadolu Efes Istanbul', 'SG', NULL, 4.5, 2, 1.5, 18, 4, 2, 2, 1, 2, 2, 0.6, 0.2, 1.2, 1.3, 1.5, 5, NULL, NULL, NULL, NULL, NULL, NULL),
(24, 'Dogus Ozdemiroglu', 18, 'Anadolu Efes Istanbul', 'PG', NULL, 3.5, 1.5, 2, 15, 3, 2, 1, 0, 1, 1, 0.7, 0.1, 1, 1.1, 1.3, 4, NULL, NULL, NULL, NULL, NULL, NULL),
(25, 'Jordan Nwora', 3, 'Anadolu Efes Istanbul', 'SF', NULL, 11, 3.3, 1, 23, 6, 3, 4, 1, 2, 2, 0.5, 0.2, 1.5, 1.5, 2, 10, NULL, NULL, NULL, NULL, NULL, NULL),
(26, 'Rolands Smits', 11, 'Anadolu Efes Istanbul', 'PF', NULL, 6.8, 2.5, 0.9, 18, 4, 3, 2, 1, 2, 2, 0.3, 0.1, 0.9, 2.2, 1.7, 6.7, NULL, NULL, NULL, NULL, NULL, NULL),
(27, 'Stanley Johnson', 14, 'Anadolu Efes Istanbul', 'SF', NULL, 1.9, 1.1, 0.3, 10, 2, 1, 1, 0, 1, 1, 0.4, 0.1, 0.5, 1, 1.2, 1.2, NULL, NULL, NULL, NULL, NULL, NULL),
(28, 'Burakcan Yildizli', 19, 'Anadolu Efes Istanbul', 'PF', NULL, 2.5, 1.5, 0.5, 12, 2, 1, 1, 0, 1, 1, 0.3, 0.2, 0.8, 1, 1.1, 2.5, NULL, NULL, NULL, NULL, NULL, NULL),
(29, 'Ercan Osmani', 24, 'Anadolu Efes Istanbul', 'C', NULL, 6.5, 3, 0.5, 15, 4, 2, 1, 0, 2, 2, 0.4, 0.5, 1, 1.5, 1.8, 7, NULL, NULL, NULL, NULL, NULL, NULL),
(30, 'Erkan Yilmaz', 33, 'Anadolu Efes Istanbul', 'SF', NULL, 5, 2, 1, 14, 3, 2, 2, 1, 1, 1, 0.6, 0.3, 1, 1.2, 1.4, 5.5, NULL, NULL, NULL, NULL, NULL, NULL),
(31, 'Derek Willis', 35, 'Anadolu Efes Istanbul', 'PF', NULL, 3.1, 2.4, 0.4, 12, 3, 2, 1, 0, 1, 1, 0.4, 0.3, 0.8, 1, 1.2, 4.4, NULL, NULL, NULL, NULL, NULL, NULL),
(32, 'Salih Altuntas', 8, 'Anadolu Efes Istanbul', 'C', NULL, 2, 1.5, 0.2, 10, 2, 1, 1, 0, 1, 1, 0.2, 0.3, 0.7, 0.9, 1, 2, NULL, NULL, NULL, NULL, NULL, NULL),
(33, 'Vincent Poirier', 7, 'Anadolu Efes Istanbul', 'C', NULL, 9, 4.5, 1, 20, 5, 3, 1, 0, 2, 2, 0.5, 0.8, 1.5, 2, 2.3, 10, NULL, NULL, NULL, NULL, NULL, NULL),
(34, 'Dan Oturu', 25, 'Anadolu Efes Istanbul', 'C', NULL, 8.8, 4.2, 0.5, 16, 5, 3, 0, 0, 2, 1, 0.5, 1, 1.1, 2.4, 2.2, 11.1, NULL, NULL, NULL, NULL, NULL, NULL),
(35, 'Elie Okobo', 0, 'AS Monaco', 'PG', NULL, 13, 2.5, 3.5, 25, 8, 4, 5, 2, 3, 3, 1, 0.2, 2, 1.5, 2, 13.5, NULL, NULL, NULL, NULL, NULL, NULL),
(36, 'Clarence Fondeur-Massamba Ba', 7, 'AS Monaco', 'SG', NULL, 2, 1, 0.5, 10, 2, 1, 1, 0, 1, 1, 0.3, 0.1, 0.5, 0.8, 1, 2, NULL, NULL, NULL, NULL, NULL, NULL),
(37, 'Jordan Loyd', 8, 'AS Monaco', 'SG', NULL, 9.5, 2, 2, 20, 6, 3, 3, 1, 2, 2, 0.8, 0.1, 1.5, 1.2, 1.5, 9, NULL, NULL, NULL, NULL, NULL, NULL),
(38, 'Terry Tarpey', 22, 'AS Monaco', 'SF', NULL, 2.2, 2.3, 0.4, 15, 2, 1, 1, 0, 1, 1, 1, 0.3, 0.5, 1, 1.2, 4, NULL, NULL, NULL, NULL, NULL, NULL),
(39, 'Matthew Strazel', 32, 'AS Monaco', 'PG', NULL, 8.4, 1.1, 2.4, 18, 5, 2, 4, 1, 2, 2, 0.5, 0, 1, 1, 1.2, 8.2, NULL, NULL, NULL, NULL, NULL, NULL),
(40, 'Nick Calathes', 33, 'AS Monaco', 'PG', NULL, 4.2, 2.5, 4.1, 22, 3, 2, 2, 1, 2, 2, 0.9, 0.1, 1, 1.2, 1.5, 5, NULL, NULL, NULL, NULL, NULL, NULL),
(41, 'Mike James', 55, 'AS Monaco', 'PG', NULL, 15, 3, 4, 30, 10, 5, 6, 2, 4, 4, 1.2, 0.2, 2.5, 2, 2.5, 16, NULL, NULL, NULL, NULL, NULL, NULL),
(42, 'Jaron Blossomgame', 4, 'AS Monaco', 'SF', NULL, 6, 2.5, 1, 20, 4, 2, 2, 1, 2, 2, 0.5, 0.3, 1, 1.2, 1.5, 6.5, NULL, NULL, NULL, NULL, NULL, NULL),
(43, 'Alpha Diallo', 11, 'AS Monaco', 'SF', NULL, 7, 3, 1.5, 22, 5, 3, 2, 1, 2, 2, 0.6, 0.2, 1.2, 1.3, 1.6, 7.5, NULL, NULL, NULL, NULL, NULL, NULL),
(44, 'Juhann Begarin', 23, 'AS Monaco', 'SG', NULL, 3, 1.5, 0.5, 12, 2, 1, 1, 0, 1, 1, 0.4, 0.1, 0.8, 1, 1.1, 3.5, NULL, NULL, NULL, NULL, NULL, NULL),
(45, 'Vitto Brown', 30, 'AS Monaco', 'PF', NULL, 4.4, 2.5, 0.7, 15, 3, 2, 1, 0, 1, 1, 0.4, 0.2, 0.9, 1, 1.2, 4.4, NULL, NULL, NULL, NULL, NULL, NULL),
(46, 'Georgios Papagiannis', 9, 'AS Monaco', 'C', NULL, 5, 4, 0.5, 18, 4, 2, 0, 0, 2, 2, 0.3, 0.8, 1, 1.5, 1.8, 6, NULL, NULL, NULL, NULL, NULL, NULL),
(47, 'Daniel Theis', 10, 'AS Monaco', 'C', NULL, 6, 3.5, 1, 20, 5, 3, 1, 0, 2, 2, 0.5, 0.7, 1.2, 1.8, 2, 7, NULL, NULL, NULL, NULL, NULL, NULL),
(48, 'Petr Cornelie', 12, 'AS Monaco', 'PF', NULL, 2.7, 1.8, 0.7, 10, 2, 1, 1, 0, 1, 1, 0.3, 0.3, 0.8, 1, 1.1, 2.3, NULL, NULL, NULL, NULL, NULL, NULL),
(49, 'Mam Jaiteh', 14, 'AS Monaco', 'C', NULL, 1.5, 1, 0.3, 8, 1, 0, 1, 0, 1, 1, 0.2, 0.1, 0.5, 0.7, 0.8, 1.5, NULL, NULL, NULL, NULL, NULL, NULL),
(50, 'Donatas Motiejūnas', 20, 'AS Monaco', 'C', NULL, 7, 3, 1, 18, 5, 3, 1, 0, 2, 2, 0.4, 0.5, 1, 1.5, 1.7, 7.5, NULL, NULL, NULL, NULL, NULL, NULL),
(51, 'Markus Howard', 0, 'Baskonia Vitoria-Gasteiz', 'PG', NULL, 16, 2, 2.5, 28, 10, 5, 8, 3, 4, 3, 0.8, 0.1, 2, 1.5, 2, 14.5, NULL, NULL, NULL, NULL, NULL, NULL),
(52, 'Joseba Querejeta', 4, 'Baskonia Vitoria-Gasteiz', 'SG', NULL, 3, 1.5, 0.5, 10, 2, 1, 1, 0, 1, 1, 0.3, 0.1, 0.5, 0.8, 1, 3, NULL, NULL, NULL, NULL, NULL, NULL),
(53, 'Filip Raicevic', 7, 'Baskonia Vitoria-Gasteiz', 'SF', NULL, 4, 2, 1, 12, 3, 2, 2, 1, 2, 2, 0.5, 0.2, 0.8, 1, 1.2, 4.5, NULL, NULL, NULL, NULL, NULL, NULL),
(54, 'Ognjen Jaramaz', 10, 'Baskonia Vitoria-Gasteiz', 'PG', NULL, 7.5, 2, 2, 20, 6, 3, 3, 1, 2, 2, 0.6, 0.1, 1, 1.2, 1.5, 7, NULL, NULL, NULL, NULL, NULL, NULL),
(55, 'Trent Forrest', 11, 'Baskonia Vitoria-Gasteiz', 'PG', NULL, 9.8, 2.8, 4.7, 25, 6, 3, 2, 1, 2, 2, 0.8, 0.2, 2, 1.9, 2.2, 11.7, NULL, NULL, NULL, NULL, NULL, NULL),
(56, 'Kamar Baldwin', 44, 'Baskonia Vitoria-Gasteiz', 'SG', NULL, 10, 3, 2, 22, 7, 4, 3, 1, 3, 2, 0.7, 0.2, 1.5, 1.5, 1.8, 10.5, NULL, NULL, NULL, NULL, NULL, NULL),
(57, 'Sander Raieste', 2, 'Baskonia Vitoria-Gasteiz', 'SF', NULL, 2.5, 1.5, 0.5, 8, 2, 1, 1, 0, 1, 1, 0.3, 0.1, 0.5, 0.7, 0.9, 2.5, NULL, NULL, NULL, NULL, NULL, NULL),
(58, 'Pavel Savkov', 6, 'Baskonia Vitoria-Gasteiz', 'SG', NULL, 3, 1, 0.5, 10, 2, 1, 2, 1, 1, 1, 0.4, 0.1, 0.6, 0.8, 1, 3, NULL, NULL, NULL, NULL, NULL, NULL),
(59, 'Tadas Sedekerskis', 8, 'Baskonia Vitoria-Gasteiz', 'SF', NULL, 6, 4, 1.5, 20, 5, 3, 2, 1, 2, 2, 0.6, 0.3, 1, 1.2, 1.5, 7, NULL, NULL, NULL, NULL, NULL, NULL),
(60, 'Timothe Luwawu-Cabarrot', 9, 'Baskonia Vitoria-Gasteiz', 'SF', NULL, 13, 3.4, 1.5, 25, 8, 4, 3, 1, 3, 2, 0.8, 0.2, 1.5, 1.5, 2, 13.5, NULL, NULL, NULL, NULL, NULL, NULL),
(61, 'Nikolaos Rogkavopoulos', 17, 'Baskonia Vitoria-Gasteiz', 'SF', NULL, 5, 2.5, 1, 15, 4, 2, 2, 1, 2, 2, 0.5, 0.2, 1, 1, 1.2, 5.5, NULL, NULL, NULL, NULL, NULL, NULL),
(62, 'Vit Hrabar', 33, 'Baskonia Vitoria-Gasteiz', 'PF', NULL, 4, 3, 0.5, 12, 3, 2, 1, 0, 2, 2, 0.4, 0.3, 0.8, 1, 1.1, 4.5, NULL, NULL, NULL, NULL, NULL, NULL),
(63, 'Khalifa Diop', 18, 'Baskonia Vitoria-Gasteiz', 'C', NULL, 4.1, 3.6, 0.5, 14, 3, 2, 0, 0, 1, 1, 0.3, 0.5, 0.7, 2, 1.4, 5.8, NULL, NULL, NULL, NULL, NULL, NULL),
(64, 'Seydina Faye', 39, 'Baskonia Vitoria-Gasteiz', 'C', NULL, 2, 2, 0.3, 8, 2, 1, 0, 0, 1, 1, 0.2, 0.3, 0.5, 1, 1, 2.5, NULL, NULL, NULL, NULL, NULL, NULL),
(65, 'Donta Hall', 45, 'Baskonia Vitoria-Gasteiz', 'C', NULL, 8.7, 5.4, 0.9, 21, 5, 3, 0, 0, 2, 2, 0.5, 1.1, 0.7, 1.7, 2.6, 14.4, NULL, NULL, NULL, NULL, NULL, NULL),
(66, 'Ousmane Ndiaye', 46, 'Baskonia Vitoria-Gasteiz', 'PF', NULL, 3, 2.5, 0.5, 10, 2, 1, 1, 0, 1, 1, 0.3, 0.4, 0.6, 1, 1.2, 3.5, NULL, NULL, NULL, NULL, NULL, NULL),
(67, 'Chima Moneke', 95, 'Baskonia Vitoria-Gasteiz', 'PF', NULL, 7, 4.5, 1, 18, 4, 2, 1, 0, 2, 2, 0.6, 0.5, 1, 1.5, 1.8, 8, NULL, NULL, NULL, NULL, NULL, NULL),
(68, 'Luka Samanic', 99, 'Baskonia Vitoria-Gasteiz', 'PF', NULL, 6.5, 3.5, 1, 16, 4, 2, 2, 1, 2, 2, 0.5, 0.4, 1, 1.2, 1.5, 7, NULL, NULL, NULL, NULL, NULL, NULL),
(69, 'Codi Miller-McIntyre', 0, 'Crvena Zvezda', 'PG', NULL, 10.3, 3.1, 4.6, 25, 5, 3, 2, 1, 3, 2, 0.6, 0, 1.2, 1, 1.5, 10, NULL, NULL, NULL, NULL, NULL, NULL),
(70, 'Isaiah Canaan', 3, 'Crvena Zvezda', 'SG', NULL, 8.5, 2, 1.5, 20, 4, 2, 5, 2, 2, 2, 0.5, 0.1, 1, 1.2, 1.5, 9, NULL, NULL, NULL, NULL, NULL, NULL),
(71, 'Milos Teodosic', 4, 'Crvena Zvezda', 'PG', NULL, 7, 1.5, 5, 22, 3, 2, 4, 1, 2, 2, 0.4, 0, 1.5, 1, 1.2, 9.5, NULL, NULL, NULL, NULL, NULL, NULL),
(72, 'Branko Lazic', 10, 'Crvena Zvezda', 'SG', NULL, 1.1, 0.8, 0.1, 10, 1, 0, 1, 0, 0, 0, 0.3, 0, 0.5, 0.5, 0.6, 1.3, NULL, NULL, NULL, NULL, NULL, NULL),
(73, 'Aleksej Nedeljkovic', 14, 'Crvena Zvezda', 'SG', NULL, 2, 1, 0.5, 8, 2, 1, 1, 0, 1, 1, 0.2, 0, 0.5, 0.5, 0.6, 2, NULL, NULL, NULL, NULL, NULL, NULL),
(74, 'Nemanja Nedovic', 36, 'Crvena Zvezda', 'SG', NULL, 9, 2, 2, 18, 4, 2, 3, 1, 2, 2, 0.5, 0.1, 1.2, 1, 1.3, 10, NULL, NULL, NULL, NULL, NULL, NULL),
(75, 'Andrej Kostic', 47, 'Crvena Zvezda', 'SG', NULL, 5, 2, 1, 12, 3, 2, 2, 1, 1, 1, 0.3, 0, 0.8, 0.7, 1, 6, NULL, NULL, NULL, NULL, NULL, NULL),
(76, 'Yago Dos Santos', 99, 'Crvena Zvezda', 'PG', NULL, 6.3, 1.5, 3, 20, 4, 2, 3, 1, 2, 2, 0.6, 0, 1, 1, 1.2, 7.5, NULL, NULL, NULL, NULL, NULL, NULL),
(77, 'John Brown III', 1, 'Crvena Zvezda', 'PF', NULL, 4, 2.6, 0.9, 15, 3, 2, 0, 0, 2, 2, 0.7, 0, 0.4, 1.1, 1.8, 6, NULL, NULL, NULL, NULL, NULL, NULL),
(78, 'Dejan Davidovic', 7, 'Crvena Zvezda', 'SF', NULL, 3, 2, 1, 12, 2, 1, 1, 0, 1, 1, 0.4, 0.1, 0.5, 0.8, 1, 4, NULL, NULL, NULL, NULL, NULL, NULL),
(79, 'Luka Mitrovic', 9, 'Crvena Zvezda', 'PF', NULL, 5.6, 3, 1.5, 18, 4, 2, 1, 0, 2, 2, 0.5, 0.2, 1, 1, 1.2, 7, NULL, NULL, NULL, NULL, NULL, NULL),
(80, 'Nikola Kalinic', 12, 'Crvena Zvezda', 'SF', NULL, 9, 4.1, 2.6, 22, 5, 3, 2, 1, 2, 2, 0.8, 0.1, 1.2, 1, 1.5, 11.6, NULL, NULL, NULL, NULL, NULL, NULL),
(81, 'Ognjen Dobric', 13, 'Crvena Zvezda', 'SG', NULL, 3.5, 1.1, 0.4, 10, 2, 1, 1, 0, 1, 1, 0.5, 0.1, 0.5, 0.7, 0.9, 2.3, NULL, NULL, NULL, NULL, NULL, NULL),
(82, 'Mike Daum', 24, 'Crvena Zvezda', 'PF', NULL, 7, 3, 1, 16, 4, 2, 2, 1, 2, 2, 0.5, 0.2, 1, 1, 1.3, 8, NULL, NULL, NULL, NULL, NULL, NULL),
(83, 'Filip Petrusev', 30, 'Crvena Zvezda', 'C', NULL, 8, 4, 1, 20, 5, 3, 1, 0, 2, 2, 0.6, 0.5, 1.2, 1.2, 1.5, 9.5, NULL, NULL, NULL, NULL, NULL, NULL),
(84, 'Rokas Giedraitis', 31, 'Crvena Zvezda', 'SF', NULL, 6, 2.5, 1.5, 18, 3, 2, 2, 1, 2, 2, 0.5, 0.1, 1, 1, 1.2, 7, NULL, NULL, NULL, NULL, NULL, NULL),
(85, 'Joel Bolomboy', 21, 'Crvena Zvezda', 'C', NULL, 5, 3.5, 0.5, 15, 4, 2, 0, 0, 2, 2, 0.4, 0.5, 0.8, 1, 1.3, 6, NULL, NULL, NULL, NULL, NULL, NULL),
(86, 'Neno Dimitrijevic', 1, 'EA7 Emporio Armani Milan', 'PG', NULL, 7.5, 2, 3, 20, 5, 3, 2, 1, 3, 2, 0.6, 0.2, 1.2, 1.5, 1.8, 7.5, NULL, NULL, NULL, NULL, NULL, NULL),
(87, 'Nicolo Mannion', 2, 'EA7 Emporio Armani Milan', 'PG', NULL, 8, 2.5, 4, 22, 6, 3, 3, 1, 4, 3, 0.7, 0.1, 1.5, 1.7, 2, 9, NULL, NULL, NULL, NULL, NULL, NULL),
(88, 'Giordano Bortolani', 3, 'EA7 Emporio Armani Milan', 'SG', NULL, 5, 1.5, 1, 15, 4, 2, 3, 1, 2, 2, 0.5, 0.1, 1, 1.2, 1.5, 5.5, NULL, NULL, NULL, NULL, NULL, NULL),
(89, 'Fabien Causeur', 5, 'EA7 Emporio Armani Milan', 'SG', NULL, 6.5, 2, 1.5, 18, 5, 3, 2, 1, 2, 2, 0.6, 0.1, 1.2, 1.3, 1.6, 6.5, NULL, NULL, NULL, NULL, NULL, NULL),
(90, 'Stefano Tonut', 7, 'EA7 Emporio Armani Milan', 'SG', NULL, 7, 2.5, 2, 20, 6, 3, 2, 1, 3, 2, 0.7, 0.2, 1.3, 1.4, 1.7, 7.5, NULL, NULL, NULL, NULL, NULL, NULL),
(91, 'Leandro Bolmaro', 10, 'EA7 Emporio Armani Milan', 'SG', NULL, 6, 2, 2.5, 18, 5, 2, 2, 1, 2, 2, 0.6, 0.2, 1.1, 1.2, 1.5, 6.5, NULL, NULL, NULL, NULL, NULL, NULL),
(92, 'Armoni Brooks', 12, 'EA7 Emporio Armani Milan', 'SG', NULL, 15.5, 3, 2, 25, 7, 4, 6, 3, 3, 2, 0.8, 0.1, 1.5, 1.5, 2, 16, NULL, NULL, NULL, NULL, NULL, NULL),
(93, 'Achille Lonati', 20, 'EA7 Emporio Armani Milan', 'PG', NULL, 3, 1, 1, 12, 3, 1, 2, 1, 2, 1, 0.4, 0.1, 0.8, 1, 1.2, 3.5, NULL, NULL, NULL, NULL, NULL, NULL),
(94, 'Diego Flaccadori', 21, 'EA7 Emporio Armani Milan', 'PG', NULL, 6, 2, 2.5, 18, 5, 2, 2, 1, 3, 2, 0.6, 0.1, 1.2, 1.3, 1.5, 6.5, NULL, NULL, NULL, NULL, NULL, NULL),
(95, 'Zach Leday', 16, 'EA7 Emporio Armani Milan', 'PF', NULL, 12, 5, 1.5, 22, 8, 5, 2, 1, 4, 3, 0.7, 0.5, 1.3, 1.6, 2, 14, NULL, NULL, NULL, NULL, NULL, NULL),
(96, 'Giampaolo Ricci', 17, 'EA7 Emporio Armani Milan', 'PF', NULL, 5.5, 3, 1, 16, 4, 2, 1, 0, 2, 2, 0.5, 0.3, 1, 1.2, 1.4, 6, NULL, NULL, NULL, NULL, NULL, NULL),
(97, 'Guglielmo Caruso', 30, 'EA7 Emporio Armani Milan', 'C', NULL, 4, 3.5, 0.5, 14, 3, 2, 0, 0, 1, 1, 0.4, 0.6, 0.8, 1, 1.2, 5, NULL, NULL, NULL, NULL, NULL, NULL),
(98, 'Shavon Shields', 31, 'EA7 Emporio Armani Milan', 'SF', NULL, 10, 4, 2, 24, 6, 3, 2, 1, 3, 2, 0.7, 0.3, 1.2, 1.4, 1.6, 11, NULL, NULL, NULL, NULL, NULL, NULL),
(99, 'Nikola Mirotic', 33, 'EA7 Emporio Armani Milan', 'PF', NULL, 18, 6.4, 2, 28, 9, 6, 4, 2, 5, 4, 0.9, 0.5, 1.5, 1.8, 2.2, 21.97, NULL, NULL, NULL, NULL, NULL, NULL),
(100, 'Luigi Suigo', 19, 'EA7 Emporio Armani Milan', 'SF', NULL, 3, 1.5, 0.5, 10, 2, 1, 1, 0, 1, 1, 0.3, 0.1, 0.5, 0.8, 1, 3, NULL, NULL, NULL, NULL, NULL, NULL),
(101, 'Ousmane Diop', 25, 'EA7 Emporio Armani Milan', 'C', NULL, 5, 4, 0.5, 15, 4, 2, 0, 0, 2, 2, 0.4, 0.6, 0.9, 1.1, 1.3, 6, NULL, NULL, NULL, NULL, NULL, NULL),
(102, 'Josh Nebo', 32, 'EA7 Emporio Armani Milan', 'C', NULL, 6, 5, 0.5, 16, 5, 3, 0, 0, 2, 2, 0.5, 0.8, 1, 1.3, 1.5, 7, NULL, NULL, NULL, NULL, NULL, NULL),
(103, 'Freddie Gillespie', 55, 'EA7 Emporio Armani Milan', 'C', NULL, 4.5, 4.5, 0.5, 14, 4, 2, 0, 0, 1, 1, 0.4, 0.7, 0.9, 1, 1.2, 5.5, NULL, NULL, NULL, NULL, NULL, NULL),
(104, 'Kevin Punter', 0, 'FC Barcelona', 'SG', NULL, 12.8, 3.1, 2.1, 26, 9, 5, 4, 2, 3, 2, 1, 0.3, 1.6, 2, 2.1, 14.5, NULL, NULL, NULL, NULL, NULL, NULL),
(105, 'Dario Brizuela', 8, 'FC Barcelona', 'SG', NULL, 6.4, 1.8, 2.5, 18, 5, 3, 2, 1, 1, 1, 0.8, 0.1, 1.2, 1.3, 1.6, 7, NULL, NULL, NULL, NULL, NULL, NULL),
(106, 'Tomas Satoransky', 13, 'FC Barcelona', 'PG', NULL, 8.5, 3.5, 4.8, 28, 6, 4, 3, 1, 4, 3, 1.1, 0.2, 2, 2.1, 2.3, 11.2, NULL, NULL, NULL, NULL, NULL, NULL),
(107, 'Juan Nunez', 17, 'FC Barcelona', 'PG', NULL, 4.5, 1.2, 2, 15, 4, 2, 2, 1, 2, 2, 0.7, 0.1, 1, 1.1, 1.4, 5, NULL, NULL, NULL, NULL, NULL, NULL),
(108, 'Nicolas Laprovittola', 20, 'FC Barcelona', 'PG', NULL, 10.2, 2.1, 5.6, 25, 7, 4, 3, 1, 5, 4, 1, 0.1, 1.7, 1.8, 2, 12.5, NULL, NULL, NULL, NULL, NULL, NULL),
(109, 'Raul Villar', 45, 'FC Barcelona', 'SG', NULL, 3, 1, 1, 10, 3, 1, 1, 0, 1, 1, 0.4, 0, 0.7, 0.8, 1, 3, NULL, NULL, NULL, NULL, NULL, NULL),
(110, 'Mathieu Grujicic', 46, 'FC Barcelona', 'PF', NULL, 2.5, 2, 0.5, 12, 3, 2, 0, 0, 1, 1, 0.5, 0.3, 0.6, 1, 1.2, 4, NULL, NULL, NULL, NULL, NULL, NULL),
(111, 'Justin Anderson', 1, 'FC Barcelona', 'SF', NULL, 6, 3, 1, 16, 5, 3, 1, 0, 2, 1, 0.7, 0.3, 1, 1.4, 1.6, 7, NULL, NULL, NULL, NULL, NULL, NULL),
(112, 'Alex Abrines', 21, 'FC Barcelona', 'SG', NULL, 9.5, 2.7, 1.6, 22, 6, 4, 3, 1, 3, 2, 0.9, 0.1, 1.2, 1.5, 1.8, 10, NULL, NULL, NULL, NULL, NULL, NULL),
(113, 'Jabari Parker', 22, 'FC Barcelona', 'PF', NULL, 13, 5.5, 2.5, 28, 7, 5, 2, 1, 6, 5, 1.2, 0.5, 1.5, 2, 2.4, 16, NULL, NULL, NULL, NULL, NULL, NULL),
(114, 'Joel Parra', 44, 'FC Barcelona', 'C', NULL, 4, 3.8, 1, 15, 4, 3, 0, 0, 2, 2, 0.6, 0.7, 0.9, 1.3, 1.5, 6, NULL, NULL, NULL, NULL, NULL, NULL),
(115, 'Jan Vesely', 6, 'FC Barcelona', 'PF', NULL, 11, 6, 2, 25, 8, 6, 1, 0, 4, 4, 1, 0.7, 1.3, 2, 2.3, 15, NULL, NULL, NULL, NULL, NULL, NULL),
(116, 'Chimezie Metu', 10, 'FC Barcelona', 'PF', NULL, 8.5, 5.5, 1, 22, 7, 5, 0, 0, 3, 2, 0.9, 0.4, 1.1, 1.8, 2, 12, NULL, NULL, NULL, NULL, NULL, NULL),
(117, 'Willy Hernangomez', 14, 'FC Barcelona', 'C', NULL, 10.5, 7.5, 1.5, 27, 6, 5, 1, 0, 4, 3, 0.8, 0.6, 1.4, 1.9, 2.2, 15.5, NULL, NULL, NULL, NULL, NULL, NULL),
(118, 'Youssoupha Fall', 19, 'FC Barcelona', 'C', NULL, 5, 4.5, 0.5, 14, 3, 2, 0, 0, 1, 1, 0.7, 1.2, 0.8, 1, 1.3, 6.5, NULL, NULL, NULL, NULL, NULL, NULL),
(119, 'Sayon Keita', 41, 'FC Barcelona', 'SF', NULL, 3, 1.5, 0.5, 10, 2, 1, 1, 0, 1, 1, 0.3, 0.1, 0.5, 0.8, 1, 3, NULL, NULL, NULL, NULL, NULL, NULL),
(120, 'Mohamed Dabone', 42, 'FC Barcelona', 'PF', NULL, 2, 1.8, 0.5, 8, 2, 1, 0, 0, 0, 0, 0.2, 0.1, 0.4, 0.6, 0.8, 2, NULL, NULL, NULL, NULL, NULL, NULL),
(121, 'Nick Weiler-Babb', 0, 'FC Bayern Munich', 'SG', NULL, 8.5, 3, 2.5, 24, 7, 4, 3, 1, 2, 1, 1, 0.3, 1.5, 1.8, 2, 11, NULL, NULL, NULL, NULL, NULL, NULL),
(122, 'Carsen Edwards', 3, 'FC Bayern Munich', 'PG', NULL, 10.8, 2.1, 4.1, 27, 8, 5, 4, 2, 4, 3, 1.2, 0.1, 1.8, 2, 2.3, 14, NULL, NULL, NULL, NULL, NULL, NULL),
(123, 'Shabazz Napier', 8, 'FC Bayern Munich', 'PG', NULL, 11.5, 3.2, 5, 29, 7, 5, 5, 2, 6, 5, 1.3, 0.2, 2, 2.1, 2.4, 15, NULL, NULL, NULL, NULL, NULL, NULL),
(124, 'Ivan Khanchenkov', 10, 'FC Bayern Munich', 'SG', NULL, 5, 1.8, 1.2, 15, 4, 2, 2, 1, 1, 1, 0.6, 0.1, 0.8, 1, 1.2, 5.5, NULL, NULL, NULL, NULL, NULL, NULL),
(125, 'Andreas Obst', 13, 'FC Bayern Munich', 'SG', NULL, 9, 2.5, 2, 22, 6, 4, 4, 2, 3, 3, 0.9, 0.1, 1.3, 1.5, 1.7, 10.5, NULL, NULL, NULL, NULL, NULL, NULL),
(126, 'Onuralp Bitim', 17, 'FC Bayern Munich', 'SF', NULL, 7.8, 3, 1.8, 20, 5, 4, 3, 1, 2, 2, 0.7, 0.2, 1, 1.3, 1.5, 8.5, NULL, NULL, NULL, NULL, NULL, NULL),
(127, 'Oscar Da Silva', 1, 'FC Bayern Munich', 'PF', NULL, 6.5, 4.2, 1, 18, 5, 3, 1, 0, 2, 2, 0.6, 0.5, 0.9, 1.1, 1.4, 7.5, NULL, NULL, NULL, NULL, NULL, NULL),
(128, 'Niels Giffey', 5, 'FC Bayern Munich', 'SF', NULL, 6, 2.8, 1.5, 17, 4, 3, 2, 1, 1, 1, 0.5, 0.1, 0.7, 1, 1.2, 6.5, NULL, NULL, NULL, NULL, NULL, NULL),
(129, 'Vladimir Lucic', 11, 'FC Bayern Munich', 'SF', NULL, 11, 4, 2.5, 28, 7, 5, 4, 2, 3, 3, 1, 0.3, 1.5, 1.8, 2, 13, NULL, NULL, NULL, NULL, NULL, NULL),
(130, 'Johannes Voigtmann', 7, 'FC Bayern Munich', 'C', NULL, 10.5, 6.5, 2, 30, 8, 6, 1, 0, 5, 4, 0.8, 0.7, 1.4, 2, 2.2, 16, NULL, NULL, NULL, NULL, NULL, NULL),
(131, 'Elias Harris', 20, 'FC Bayern Munich', 'PF', NULL, 8, 4.5, 1.5, 23, 6, 4, 1, 0, 2, 2, 0.7, 0.4, 1.1, 1.4, 1.7, 10, NULL, NULL, NULL, NULL, NULL, NULL),
(132, 'Danko Brankovic', 22, 'FC Bayern Munich', 'C', NULL, 7.5, 5.8, 1, 21, 6, 4, 0, 0, 3, 2, 0.6, 0.6, 1, 1.3, 1.5, 9, NULL, NULL, NULL, NULL, NULL, NULL),
(133, 'Devin Booker', 31, 'FC Bayern Munich', 'SG', NULL, 9.5, 3.2, 2.8, 25, 7, 5, 3, 1, 4, 3, 1.1, 0.2, 1.4, 1.6, 1.9, 12, NULL, NULL, NULL, NULL, NULL, NULL),
(134, 'Errick McCollum', 0, 'Fenerbahce Beko Istanbul', 'SG', NULL, 14.5, 3.1, 3.7, 30, 8, 5, 5, 2, 6, 5, 1.4, 0.2, 2, 2.3, 2.5, 18, NULL, NULL, NULL, NULL, NULL, NULL),
(135, 'Wade Baldwin IV', 2, 'Fenerbahce Beko Istanbul', 'PG', NULL, 11, 2.9, 5.2, 28, 7, 4, 3, 1, 4, 4, 1.2, 0.1, 1.8, 2.1, 2.2, 15, NULL, NULL, NULL, NULL, NULL, NULL),
(136, 'Scottie Wilbekin', 3, 'Fenerbahce Beko Istanbul', 'PG', NULL, 13.8, 3, 6, 32, 8, 5, 6, 3, 5, 4, 1.5, 0.1, 2.2, 2.5, 2.7, 20, NULL, NULL, NULL, NULL, NULL, NULL),
(137, 'Melih Mahmutoglu', 10, 'Fenerbahce Beko Istanbul', 'SG', NULL, 7.2, 2, 2.5, 20, 5, 3, 3, 1, 2, 2, 0.8, 0.1, 1, 1.2, 1.3, 8.5, NULL, NULL, NULL, NULL, NULL, NULL),
(138, 'Mert Eksioglu', 15, 'Fenerbahce Beko Istanbul', 'PG', NULL, 3.5, 1.2, 1.8, 15, 3, 2, 1, 0, 1, 1, 0.5, 0, 0.7, 0.8, 0.9, 4, NULL, NULL, NULL, NULL, NULL, NULL),
(139, 'Devin Hall', 20, 'Fenerbahce Beko Istanbul', 'SG', NULL, 6.8, 2.1, 1.7, 18, 5, 3, 2, 1, 1, 1, 0.7, 0.1, 1, 1.1, 1.2, 7.5, NULL, NULL, NULL, NULL, NULL, NULL),
(140, 'Marko Guduric', 23, 'Fenerbahce Beko Istanbul', 'SG', NULL, 9.5, 2.5, 3, 25, 6, 4, 4, 1, 3, 2, 1, 0.1, 1.4, 1.6, 1.7, 11, NULL, NULL, NULL, NULL, NULL, NULL),
(141, 'Arturs Zagars', 32, 'Fenerbahce Beko Istanbul', 'PG', NULL, 4, 1, 2, 15, 3, 2, 1, 0, 1, 1, 0.4, 0, 0.8, 0.9, 1, 4.5, NULL, NULL, NULL, NULL, NULL, NULL),
(142, 'Metecan Birsen', 1, 'Fenerbahce Beko Istanbul', 'PF', NULL, 6.5, 4, 1.2, 20, 5, 3, 2, 1, 2, 2, 0.6, 0.3, 1.1, 1.3, 1.5, 8, NULL, NULL, NULL, NULL, NULL, NULL),
(143, 'Nicolo Melli', 4, 'Fenerbahce Beko Istanbul', 'PF', NULL, 10.8, 5.5, 2, 28, 7, 5, 2, 1, 4, 3, 1.1, 0.6, 1.5, 2, 2.3, 15, NULL, NULL, NULL, NULL, NULL, NULL),
(144, 'Nigel Hayes-Davis', 11, 'Fenerbahce Beko Istanbul', 'PF', NULL, 8.7, 5.2, 2.3, 24, 6, 4, 3, 1, 3, 2, 1, 0.4, 1.3, 1.5, 1.7, 12, NULL, NULL, NULL, NULL, NULL, NULL),
(145, 'Tarik Biberovic', 13, 'Fenerbahce Beko Istanbul', 'SF', NULL, 7, 3.8, 1.5, 22, 5, 3, 2, 1, 2, 2, 0.8, 0.3, 1, 1.2, 1.3, 8.5, NULL, NULL, NULL, NULL, NULL, NULL),
(146, 'Dyshawn Pierre', 21, 'Fenerbahce Beko Istanbul', 'PF', NULL, 6.2, 4.5, 1.7, 21, 5, 3, 1, 0, 2, 2, 0.7, 0.3, 0.9, 1.1, 1.4, 7.5, NULL, NULL, NULL, NULL, NULL, NULL),
(147, 'Bonzie Colson', 50, 'Fenerbahce Beko Istanbul', 'PF', NULL, 7.5, 5, 1.5, 22, 6, 4, 1, 0, 3, 2, 0.6, 0.5, 1.1, 1.3, 1.5, 9, NULL, NULL, NULL, NULL, NULL, NULL),
(148, 'Sertac Sanli', 5, 'Fenerbahce Beko Istanbul', 'C', NULL, 9, 6.5, 1, 25, 7, 5, 0, 0, 4, 3, 0.7, 1.2, 1.2, 1.8, 2, 13, NULL, NULL, NULL, NULL, NULL, NULL),
(149, 'Jilson Bango', 44, 'Fenerbahce Beko Istanbul', 'C', NULL, 5.8, 5.2, 0.5, 18, 5, 3, 0, 0, 2, 1, 0.5, 1, 0.8, 1.2, 1.4, 7, NULL, NULL, NULL, NULL, NULL, NULL),
(150, 'Khem Birch', 92, 'Fenerbahce Beko Istanbul', 'C', NULL, 8.5, 6.8, 1, 26, 7, 5, 0, 0, 3, 3, 0.8, 1.3, 1.3, 1.7, 2, 14, NULL, NULL, NULL, NULL, NULL, NULL),
(151, 'Jimmy Clark III', 2, 'Maccabi Playtica Tel Aviv', 'PG', NULL, 8.2, 2.5, 3.6, 23, 6, 4, 3, 1, 2, 1, 1, 0.1, 1.2, 1.5, 1.8, 9.5, NULL, NULL, NULL, NULL, NULL, NULL),
(152, 'Marial Shayok', 3, 'Maccabi Playtica Tel Aviv', 'SG', NULL, 11.5, 3, 2, 27, 7, 5, 4, 2, 3, 2, 0.8, 0.2, 1.5, 1.7, 2, 12, NULL, NULL, NULL, NULL, NULL, NULL),
(153, 'Omer Mayer', 10, 'Maccabi Playtica Tel Aviv', 'PG', NULL, 5, 1.5, 1.8, 15, 4, 2, 1, 0, 1, 1, 0.6, 0, 0.9, 1, 1.1, 5.5, NULL, NULL, NULL, NULL, NULL, NULL),
(154, 'John DiBartolomeo', 12, 'Maccabi Playtica Tel Aviv', 'PG', NULL, 9, 2.8, 3.5, 28, 6, 4, 3, 1, 3, 2, 1.2, 0.1, 1.3, 1.6, 1.7, 11, NULL, NULL, NULL, NULL, NULL, NULL),
(155, 'Rokas Jokubaitis', 31, 'Maccabi Playtica Tel Aviv', 'PG', NULL, 8.8, 2.9, 4.2, 26, 5, 3, 4, 2, 2, 2, 1, 0.1, 1.4, 1.5, 1.6, 10, NULL, NULL, NULL, NULL, NULL, NULL),
(156, 'Tamir Blatt', 45, 'Maccabi Playtica Tel Aviv', 'PG', NULL, 7.5, 2, 3, 22, 5, 3, 2, 1, 1, 1, 0.9, 0, 1.1, 1.3, 1.4, 8, NULL, NULL, NULL, NULL, NULL, NULL),
(157, 'Jaylen Hoard', 1, 'Maccabi Playtica Tel Aviv', 'SF', NULL, 10.5, 5.2, 2.5, 28, 7, 5, 2, 1, 4, 3, 1.1, 0.3, 1.6, 1.8, 2, 14, NULL, NULL, NULL, NULL, NULL, NULL),
(158, 'Rafi Menco', 8, 'Maccabi Playtica Tel Aviv', 'SF', NULL, 6, 3.5, 1.2, 18, 4, 3, 1, 0, 2, 1, 0.7, 0.1, 1, 1.2, 1.3, 7, NULL, NULL, NULL, NULL, NULL, NULL),
(159, 'Roman Sorkin', 9, 'Maccabi Playtica Tel Aviv', 'PF', NULL, 7.8, 6.4, 1, 25, 6, 4, 0, 0, 3, 2, 0.9, 0.8, 1.1, 1.5, 1.7, 11, NULL, NULL, NULL, NULL, NULL, NULL),
(160, 'William Rayman', 11, 'Maccabi Playtica Tel Aviv', 'PF', NULL, 6.5, 5.8, 1.5, 22, 5, 4, 1, 0, 2, 2, 0.8, 0.5, 0.9, 1.3, 1.4, 9, NULL, NULL, NULL, NULL, NULL, NULL),
(161, 'Jasiel Rivero', 14, 'Maccabi Playtica Tel Aviv', 'C', NULL, 10, 7.2, 1.3, 28, 7, 5, 0, 0, 4, 3, 0.7, 1.1, 1.4, 1.8, 2, 15, NULL, NULL, NULL, NULL, NULL, NULL),
(162, 'Jake Cohen', 15, 'Maccabi Playtica Tel Aviv', 'PF', NULL, 7, 4.5, 1.7, 20, 5, 3, 1, 0, 2, 2, 0.6, 0.3, 1, 1.1, 1.2, 8, NULL, NULL, NULL, NULL, NULL, NULL),
(163, 'Levi Randolph', 20, 'Maccabi Playtica Tel Aviv', 'SF', NULL, 8.3, 3, 1.8, 22, 5, 4, 2, 1, 2, 1, 0.9, 0.2, 1.1, 1.4, 1.5, 9.5, NULL, NULL, NULL, NULL, NULL, NULL),
(164, 'Trevion Williams', 50, 'Maccabi Playtica Tel Aviv', 'C', NULL, 9.2, 7.5, 1.2, 26, 7, 5, 0, 0, 3, 3, 0.8, 1.3, 1.2, 1.6, 1.8, 14, NULL, NULL, NULL, NULL, NULL, NULL),
(165, 'Thomas Walkup', 0, 'Olympiacos Piraeus', 'PG', NULL, 8.6, 3.5, 4.1, 26, 7, 5, 3, 1, 2, 1, 1, 0.2, 1.4, 1.7, 1.9, 11, NULL, NULL, NULL, NULL, NULL, NULL),
(166, 'Nigel Williams-Goss', 1, 'Olympiacos Piraeus', 'PG', NULL, 9.4, 3.1, 4.5, 27, 7, 5, 4, 2, 3, 3, 0.9, 0.1, 1.6, 1.5, 1.7, 12.5, NULL, NULL, NULL, NULL, NULL, NULL),
(167, 'Naz Mitrou-Long', 3, 'Olympiacos Piraeus', 'SG', NULL, 7.8, 2.8, 2.9, 22, 6, 4, 2, 1, 2, 2, 0.7, 0.1, 1.2, 1.3, 1.5, 9, NULL, NULL, NULL, NULL, NULL, NULL),
(168, 'Giannoulis Larentzakis', 5, 'Olympiacos Piraeus', 'SG', NULL, 7.1, 2.5, 1.9, 20, 5, 3, 3, 1, 1, 1, 0.8, 0, 1, 1.2, 1.3, 8.5, NULL, NULL, NULL, NULL, NULL, NULL),
(169, 'Luca Vildoza', 8, 'Olympiacos Piraeus', 'PG', NULL, 10.2, 3.2, 5.1, 28, 8, 6, 4, 2, 4, 3, 1.2, 0.1, 1.7, 1.8, 2, 13, NULL, NULL, NULL, NULL, NULL, NULL),
(170, 'Saben Lee', 9, 'Olympiacos Piraeus', 'PG', NULL, 6, 1.8, 3.4, 18, 4, 3, 3, 1, 1, 1, 0.9, 0, 1.1, 1, 1.1, 7.5, NULL, NULL, NULL, NULL, NULL, NULL),
(171, 'Keenan Evans', 12, 'Olympiacos Piraeus', 'SG', NULL, 8, 2.3, 2, 21, 5, 4, 3, 1, 2, 1, 0.7, 0, 1.3, 1.4, 1.5, 8.8, NULL, NULL, NULL, NULL, NULL, NULL),
(172, 'Tyler Dorsey', 22, 'Olympiacos Piraeus', 'SG', NULL, 9.6, 2.7, 2.5, 24, 6, 4, 4, 2, 3, 2, 1, 0.1, 1.5, 1.5, 1.6, 10.5, NULL, NULL, NULL, NULL, NULL, NULL),
(173, 'Shaquielle Mckissinc', 77, 'Olympiacos Piraeus', 'PF', NULL, 7.3, 5.5, 1.1, 22, 6, 4, 0, 0, 3, 3, 0.6, 0.9, 1.2, 1.6, 1.8, 11, NULL, NULL, NULL, NULL, NULL, NULL),
(174, 'Sasha Vezenkov', 14, 'Olympiacos Piraeus', 'PF', NULL, 14.5, 6.2, 2.3, 30, 8, 6, 6, 3, 5, 5, 1.3, 0.5, 1.8, 2, 2.3, 18, NULL, NULL, NULL, NULL, NULL, NULL),
(175, 'Kostas Papanikolaou', 16, 'Olympiacos Piraeus', 'SF', NULL, 6.7, 4, 1.7, 23, 5, 4, 2, 1, 2, 2, 1, 0.3, 1.1, 1.5, 1.7, 9, NULL, NULL, NULL, NULL, NULL, NULL),
(176, 'Alec Peters', 25, 'Olympiacos Piraeus', 'SF', NULL, 7.5, 3.8, 1.9, 21, 6, 4, 3, 1, 1, 1, 0.8, 0.1, 1.3, 1.4, 1.5, 9.5, NULL, NULL, NULL, NULL, NULL, NULL),
(177, 'Evan Fournier', 94, 'Olympiacos Piraeus', 'SG', NULL, 12.8, 3.5, 3.1, 29, 7, 5, 5, 2, 4, 3, 1.1, 0.1, 1.7, 1.9, 2, 14, NULL, NULL, NULL, NULL, NULL, NULL),
(178, 'Moses Wright', 2, 'Olympiacos Piraeus', 'PF', NULL, 8.9, 6, 1.2, 24, 6, 5, 1, 0, 3, 2, 0.9, 0.6, 1.2, 1.7, 1.8, 12, NULL, NULL, NULL, NULL, NULL, NULL),
(179, 'Moustapha Fall', 10, 'Olympiacos Piraeus', 'C', NULL, 5.6, 6.8, 0.5, 19, 5, 4, 0, 0, 2, 2, 0.7, 1.2, 0.8, 1.5, 1.6, 10, NULL, NULL, NULL, NULL, NULL, NULL),
(180, 'Stefanos Spartalis', 20, 'Olympiacos Piraeus', 'SG', NULL, 4, 1.5, 1, 14, 3, 2, 1, 0, 1, 1, 0.5, 0, 0.7, 0.9, 1, 5, NULL, NULL, NULL, NULL, NULL, NULL),
(181, 'Nikola Milutinuv', 33, 'Olympiacos Piraeus', 'C', NULL, 7.4, 8.1, 1.1, 25, 6, 5, 0, 0, 3, 3, 0.6, 1.5, 1.2, 1.8, 2, 14.5, NULL, NULL, NULL, NULL, NULL, NULL),
(182, 'Panagiotis Kalaitzakis', 0, 'Panathinaikos AKTOR Athens', 'SG', NULL, 8.5, 3.1, 1.4, 22, 6, 4, 3, 1, 2, 1, 0.9, 0.1, 1.2, 1.4, 1.6, 9.5, NULL, NULL, NULL, NULL, NULL, NULL),
(183, 'Lorenzo Brown', 2, 'Panathinaikos AKTOR Athens', 'PG', NULL, 9.8, 3.7, 5.2, 26, 7, 5, 4, 2, 3, 3, 1.1, 0.2, 1.6, 1.7, 1.9, 12.5, NULL, NULL, NULL, NULL, NULL, NULL),
(184, 'Dimitris Moraitis', 6, 'Panathinaikos AKTOR Athens', 'PG', NULL, 7.2, 2.4, 3.5, 20, 5, 4, 3, 1, 2, 2, 1, 0.1, 1.3, 1.5, 1.4, 8.5, NULL, NULL, NULL, NULL, NULL, NULL),
(185, 'Kostas Sloukas', 10, 'Panathinaikos AKTOR Athens', 'PG', NULL, 10.5, 3.8, 6, 28, 8, 6, 5, 3, 4, 4, 1.3, 0.1, 1.7, 1.8, 2.1, 15, NULL, NULL, NULL, NULL, NULL, NULL),
(186, 'Jerian Grant', 22, 'Panathinaikos AKTOR Athens', 'PG', NULL, 9, 3, 4.8, 25, 7, 5, 3, 1, 3, 3, 1, 0, 1.5, 1.6, 1.8, 11.5, NULL, NULL, NULL, NULL, NULL, NULL),
(187, 'Kendrick Nunn', 25, 'Panathinaikos AKTOR Athens', 'PG', NULL, 11.2, 3.2, 4.1, 27, 8, 6, 4, 2, 4, 3, 1.2, 0.1, 1.8, 1.9, 2, 14, NULL, NULL, NULL, NULL, NULL, NULL),
(188, 'Christos Georgas', 27, 'Panathinaikos AKTOR Athens', 'SF', NULL, 4.5, 2.1, 0.9, 14, 3, 2, 2, 1, 1, 1, 0.5, 0.1, 0.7, 1, 1.1, 5, NULL, NULL, NULL, NULL, NULL, NULL),
(189, 'Marius Grigonis', 40, 'Panathinaikos AKTOR Athens', 'SG', NULL, 9.3, 2.8, 2, 22, 6, 4, 3, 1, 2, 2, 0.8, 0.1, 1.2, 1.4, 1.6, 9.5, NULL, NULL, NULL, NULL, NULL, NULL),
(190, 'Cedi Osman', 16, 'Panathinaikos AKTOR Athens', 'SF', NULL, 12.7, 4.3, 3.1, 28, 8, 6, 5, 2, 3, 3, 1.1, 0.2, 1.5, 1.7, 2, 14.5, NULL, NULL, NULL, NULL, NULL, NULL),
(191, 'Alexandros Samodurov', 20, 'Panathinaikos AKTOR Athens', 'SG', NULL, 5.6, 1.7, 1.2, 16, 4, 3, 2, 1, 1, 1, 0.6, 0, 0.8, 1.1, 1.2, 6.5, NULL, NULL, NULL, NULL, NULL, NULL),
(192, 'Ioannis Papapetrou', 21, 'Panathinaikos AKTOR Athens', 'SF', NULL, 10.9, 5, 2.7, 26, 7, 6, 4, 2, 3, 3, 1, 0.3, 1.4, 1.6, 1.8, 13, NULL, NULL, NULL, NULL, NULL, NULL),
(193, 'Juancho Hernangomez', 41, 'Panathinaikos AKTOR Athens', 'PF', NULL, 11, 5.4, 1.9, 27, 7, 6, 4, 2, 3, 3, 0.9, 0.4, 1.5, 1.8, 2, 13.5, NULL, NULL, NULL, NULL, NULL, NULL),
(194, 'Konstantinos Mitoglou', 44, 'Panathinaikos AKTOR Athens', 'PF', NULL, 7.5, 4.2, 1, 20, 5, 4, 2, 1, 2, 2, 0.7, 0.3, 1.1, 1.3, 1.5, 9, NULL, NULL, NULL, NULL, NULL, NULL),
(195, 'Tibor Pleiss', 24, 'Panathinaikos AKTOR Athens', 'C', NULL, 6.8, 6.7, 0.8, 19, 5, 4, 0, 0, 3, 3, 0.5, 1.1, 0.9, 1.5, 1.6, 10.5, NULL, NULL, NULL, NULL, NULL, NULL),
(196, 'Mathias Lessort', 26, 'Panathinaikos AKTOR Athens', 'C', NULL, 8.2, 7.8, 1.1, 22, 6, 5, 1, 0, 2, 2, 0.6, 1.3, 1.2, 1.7, 1.9, 13, NULL, NULL, NULL, NULL, NULL, NULL),
(197, 'Iason Binis', 30, 'Panathinaikos AKTOR Athens', 'SG', NULL, 4.2, 1.4, 1, 13, 3, 2, 2, 1, 1, 1, 0.5, 0, 0.7, 0.9, 1, 5, NULL, NULL, NULL, NULL, NULL, NULL),
(198, 'Wenyen Gabriel', 32, 'Panathinaikos AKTOR Athens', 'SF', NULL, 7.9, 3.5, 1.5, 19, 5, 4, 3, 1, 2, 2, 0.8, 0.2, 1.1, 1.3, 1.4, 9, NULL, NULL, NULL, NULL, NULL, NULL),
(199, 'Omen Yurtseven', 77, 'Panathinaikos AKTOR Athens', 'C', NULL, 8.5, 6.1, 1.3, 21, 6, 5, 0, 0, 3, 3, 0.7, 1, 1, 1.6, 1.7, 12, NULL, NULL, NULL, NULL, NULL, NULL),
(200, 'Tj Shorts', 0, 'Paris Basketball', 'PG', NULL, 12.3, 3.5, 6.1, 28, 8, 6, 5, 2, 3, 2, 1.4, 0.1, 2, 1.8, 2, 15.5, NULL, NULL, NULL, NULL, NULL, NULL),
(201, 'Nadir Hifi', 2, 'Paris Basketball', 'SG', NULL, 7.8, 2.9, 1.5, 20, 5, 4, 3, 1, 2, 2, 0.9, 0.2, 1.1, 1.3, 1.5, 8.5, NULL, NULL, NULL, NULL, NULL, NULL),
(202, 'Sebastian Herrera', 7, 'Paris Basketball', 'PG', NULL, 6.5, 2.4, 3.8, 18, 4, 3, 4, 2, 1, 1, 0.7, 0, 0.9, 1.1, 1.2, 7.5, NULL, NULL, NULL, NULL, NULL, NULL),
(203, 'Maodo Lo', 12, 'Paris Basketball', 'PG', NULL, 10.4, 2.8, 4.5, 26, 7, 5, 3, 1, 3, 3, 1.2, 0.1, 1.5, 1.6, 1.7, 12, NULL, NULL, NULL, NULL, NULL, NULL),
(204, 'Yakuba Ouattara', 24, 'Paris Basketball', 'SG', NULL, 9.7, 3.2, 2.1, 24, 6, 5, 4, 2, 2, 2, 1, 0.2, 1.2, 1.5, 1.6, 10.5, NULL, NULL, NULL, NULL, NULL, NULL),
(205, 'Collin Malcolm', 1, 'Paris Basketball', 'PG', NULL, 8.3, 2.1, 3, 22, 5, 4, 3, 1, 2, 1, 0.8, 0, 1, 1.2, 1.3, 8.7, NULL, NULL, NULL, NULL, NULL, NULL),
(206, 'Tyson Ward', 3, 'Paris Basketball', 'SG', NULL, 7.5, 3, 1.8, 20, 5, 4, 3, 1, 2, 2, 0.9, 0.1, 1.1, 1.3, 1.4, 8.2, NULL, NULL, NULL, NULL, NULL, NULL),
(207, 'Leopold Cavaliere', 4, 'Paris Basketball', 'PF', NULL, 6.8, 4.6, 1.2, 19, 4, 3, 1, 0, 2, 2, 0.6, 0.4, 1, 1.4, 1.5, 9, NULL, NULL, NULL, NULL, NULL, NULL),
(208, 'Bandja Sy', 5, 'Paris Basketball', 'SF', NULL, 8.6, 3.7, 1.7, 21, 5, 4, 3, 1, 2, 2, 0.9, 0.1, 1.3, 1.5, 1.6, 10, NULL, NULL, NULL, NULL, NULL, NULL),
(209, 'Mikael Jantunen', 20, 'Paris Basketball', 'SF', NULL, 7.9, 4.2, 1.9, 22, 5, 4, 2, 1, 3, 3, 0.7, 0.2, 1.1, 1.4, 1.5, 9.5, NULL, NULL, NULL, NULL, NULL, NULL),
(210, 'Mathis Dossou-Yovo', 21, 'Paris Basketball', 'PF', NULL, 5.4, 3.5, 1, 16, 3, 2, 1, 0, 1, 1, 0.5, 0.3, 0.8, 1, 1.1, 6.5, NULL, NULL, NULL, NULL, NULL, NULL),
(211, 'Daulton Hommes', 34, 'Paris Basketball', 'SF', NULL, 8.1, 3, 1.5, 20, 5, 4, 3, 1, 2, 2, 0.8, 0.1, 1, 1.3, 1.4, 9, NULL, NULL, NULL, NULL, NULL, NULL),
(212, 'Leon Kratzer', 8, 'Paris Basketball', 'C', NULL, 6.7, 7.8, 1.1, 18, 5, 4, 0, 0, 3, 3, 0.6, 1.2, 1.1, 1.5, 1.6, 12, NULL, NULL, NULL, NULL, NULL, NULL),
(213, 'Kevarrius Hayes', 13, 'Paris Basketball', 'C', NULL, 7.3, 8.2, 1.3, 20, 5, 4, 0, 0, 3, 3, 0.7, 1, 1.2, 1.7, 1.8, 13, NULL, NULL, NULL, NULL, NULL, NULL),
(214, 'Iffe Lundberg', 1, 'Partizan Mozzart Bet Belgrade', 'SG', NULL, 9.7, 2.8, 2.9, 25, 6, 5, 3, 1, 3, 2, 1.1, 0.1, 1.4, 1.6, 1.8, 10.5, NULL, NULL, NULL, NULL, NULL, NULL),
(215, 'Carlic Jones', 2, 'Partizan Mozzart Bet Belgrade', 'PG', NULL, 7.8, 2.5, 5.5, 24, 5, 4, 4, 2, 2, 2, 1, 0, 1.5, 1.7, 1.6, 9, NULL, NULL, NULL, NULL, NULL, NULL),
(216, 'Frank Ntilikina', 3, 'Partizan Mozzart Bet Belgrade', 'PG', NULL, 6.2, 3.1, 3.8, 23, 5, 4, 3, 1, 1, 1, 1.2, 0.3, 1.2, 1.5, 1.4, 8, NULL, NULL, NULL, NULL, NULL, NULL),
(217, 'Duane Washington', 4, 'Partizan Mozzart Bet Belgrade', 'SG', NULL, 8.9, 2.6, 2.5, 22, 6, 5, 4, 2, 1, 1, 0.9, 0, 1.3, 1.4, 1.5, 9.2, NULL, NULL, NULL, NULL, NULL, NULL),
(218, 'Mitar Bosnjakovic', 8, 'Partizan Mozzart Bet Belgrade', 'SG', NULL, 5.4, 1.7, 1.3, 15, 3, 2, 2, 1, 1, 1, 0.5, 0, 0.9, 1, 1.1, 5.8, NULL, NULL, NULL, NULL, NULL, NULL),
(219, 'Mario Nakic', 7, 'Partizan Mozzart Bet Belgrade', 'SF', NULL, 7.1, 3, 1.7, 20, 5, 4, 3, 1, 2, 2, 0.8, 0.1, 1, 1.2, 1.3, 8, NULL, NULL, NULL, NULL, NULL, NULL),
(220, 'Vanja Marinkovic', 9, 'Partizan Mozzart Bet Belgrade', 'SG', NULL, 11.2, 3.4, 2.6, 28, 7, 6, 5, 2, 3, 3, 1.2, 0.1, 1.8, 1.7, 2, 13, NULL, NULL, NULL, NULL, NULL, NULL),
(221, 'Aleksej Pokusevski', 11, 'Partizan Mozzart Bet Belgrade', 'PF', NULL, 9.5, 5.7, 3.2, 27, 6, 5, 4, 1, 3, 3, 1.1, 0.8, 1.5, 1.6, 1.8, 12, NULL, NULL, NULL, NULL, NULL, NULL),
(222, 'Sterling Brown', 12, 'Partizan Mozzart Bet Belgrade', 'SF', NULL, 8.3, 3.3, 1.9, 23, 5, 4, 3, 1, 2, 2, 0.9, 0.1, 1.2, 1.4, 1.5, 9, NULL, NULL, NULL, NULL, NULL, NULL),
(223, 'Isaac Bonga', 17, 'Partizan Mozzart Bet Belgrade', 'SF', NULL, 7, 4.1, 2.3, 21, 5, 4, 2, 1, 1, 1, 0.7, 0.3, 1.1, 1.2, 1.3, 8.5, NULL, NULL, NULL, NULL, NULL, NULL),
(224, 'Arijan Lakic', 19, 'Partizan Mozzart Bet Belgrade', 'PG', NULL, 5.9, 2.4, 3.1, 18, 4, 3, 3, 1, 1, 1, 0.6, 0, 0.9, 1.1, 1.2, 6.8, NULL, NULL, NULL, NULL, NULL, NULL),
(225, 'Isiaha Mike', 24, 'Partizan Mozzart Bet Belgrade', 'PF', NULL, 6.7, 4.9, 1.5, 20, 5, 4, 1, 0, 2, 2, 0.7, 0.4, 1, 1.3, 1.5, 9, NULL, NULL, NULL, NULL, NULL, NULL),
(226, 'Brandon Davies', 0, 'Partizan Mozzart Bet Belgrade', 'PF', NULL, 11.5, 6.2, 2, 29, 7, 6, 2, 1, 4, 3, 1.3, 1.1, 1.6, 1.8, 2, 14.5, NULL, NULL, NULL, NULL, NULL, NULL),
(227, 'Balsa Koprivica', 5, 'Partizan Mozzart Bet Belgrade', 'C', NULL, 6.8, 7.5, 1, 18, 5, 4, 0, 0, 2, 2, 0.6, 1.2, 1, 1.4, 1.5, 11, NULL, NULL, NULL, NULL, NULL, NULL),
(228, 'Aleksa Dimitrijevic', 27, 'Partizan Mozzart Bet Belgrade', 'PG', NULL, 4.8, 1.6, 2.9, 15, 3, 2, 2, 1, 1, 1, 0.5, 0, 0.8, 1, 1.1, 6, NULL, NULL, NULL, NULL, NULL, NULL),
(229, 'Tyrique Jones', 88, 'Partizan Mozzart Bet Belgrade', 'PF', NULL, 7.6, 6.7, 1.1, 22, 5, 4, 1, 0, 3, 3, 0.8, 0.7, 1.3, 1.5, 1.7, 11.5, NULL, NULL, NULL, NULL, NULL, NULL),
(230, 'Facundo Campazzo', 7, 'Real Madrid', 'PG', NULL, 9.3, 3.2, 6.5, 26, 5, 4, 4, 2, 3, 2, 1.5, 0.1, 2, 2.1, 2.3, 12, NULL, NULL, NULL, NULL, NULL, NULL),
(231, 'Sergio Llull', 23, 'Real Madrid', 'PG', NULL, 11.5, 2.8, 4, 28, 6, 5, 5, 3, 4, 3, 1.2, 0.1, 1.8, 2, 2.2, 13.5, NULL, NULL, NULL, NULL, NULL, NULL),
(232, 'Andres Feliz', 24, 'Real Madrid', 'PG', NULL, 4.2, 1.5, 2.8, 14, 3, 2, 2, 1, 1, 1, 0.6, 0, 1, 1.1, 1.2, 5, NULL, NULL, NULL, NULL, NULL, NULL),
(233, 'Gildas Gimenez', 1, 'Real Madrid', 'SF', NULL, 3.5, 1.8, 1.1, 13, 3, 2, 1, 0, 1, 1, 0.5, 0, 0.8, 1, 1, 4.5, NULL, NULL, NULL, NULL, NULL, NULL),
(234, 'Alberto Abalde', 6, 'Real Madrid', 'SF', NULL, 7.9, 3.1, 1.9, 21, 5, 4, 3, 1, 2, 2, 0.9, 0.1, 1.3, 1.5, 1.6, 9.5, NULL, NULL, NULL, NULL, NULL, NULL),
(235, 'Xavier Rathan-Mayes', 8, 'Real Madrid', 'PG', NULL, 6.6, 2.3, 3.5, 19, 4, 3, 4, 2, 2, 2, 0.8, 0, 1.2, 1.3, 1.4, 7.8, NULL, NULL, NULL, NULL, NULL, NULL),
(236, 'Hugo Gonzalez', 9, 'Real Madrid', 'SG', NULL, 5, 2, 1.5, 15, 3, 2, 3, 1, 1, 1, 0.7, 0, 1, 1.1, 1.2, 6, NULL, NULL, NULL, NULL, NULL, NULL),
(237, 'Mario Hezonja', 11, 'Real Madrid', 'SF', NULL, 8.4, 3.5, 1.8, 22, 5, 4, 4, 2, 2, 2, 1, 0.2, 1.4, 1.6, 1.7, 10, NULL, NULL, NULL, NULL, NULL, NULL),
(238, 'Dzanan Musa', 13, 'Real Madrid', 'SF', NULL, 9, 3, 2, 23, 5, 4, 4, 2, 3, 2, 1.1, 0.1, 1.5, 1.7, 1.8, 10.5, NULL, NULL, NULL, NULL, NULL, NULL),
(239, 'Gabriel Deck', 14, 'Real Madrid', 'PF', NULL, 10.2, 5.6, 2.4, 26, 6, 5, 3, 1, 4, 3, 1.3, 0.5, 1.6, 1.8, 2, 13.5, NULL, NULL, NULL, NULL, NULL, NULL),
(240, 'Sidi Gueye', 15, 'Real Madrid', 'C', NULL, 4.8, 4.5, 0.8, 15, 3, 2, 0, 0, 2, 2, 0.6, 1, 1.1, 1.2, 1.3, 6.8, NULL, NULL, NULL, NULL, NULL, NULL),
(241, 'Usman Garuba', 16, 'Real Madrid', 'PF', NULL, 6.9, 6.3, 1.1, 20, 5, 4, 1, 0, 2, 2, 0.9, 0.7, 1.3, 1.4, 1.5, 10.2, NULL, NULL, NULL, NULL, NULL, NULL),
(242, 'Serge Ibaka', 18, 'Real Madrid', 'PF', NULL, 7.5, 5.9, 1, 22, 5, 4, 2, 1, 3, 3, 1, 1.2, 1.5, 1.7, 1.9, 11, NULL, NULL, NULL, NULL, NULL, NULL),
(243, 'Bruno Fernando', 20, 'Real Madrid', 'C', NULL, 5.6, 5.4, 0.7, 18, 4, 3, 1, 0, 1, 1, 0.7, 1.1, 1.2, 1.3, 1.4, 8.5, NULL, NULL, NULL, NULL, NULL, NULL),
(244, 'Walter Tavales', 22, 'Real Madrid', 'PF', NULL, 3.2, 2.5, 0.5, 12, 2, 1, 0, 0, 1, 1, 0.4, 0.3, 0.7, 0.8, 0.9, 4, NULL, NULL, NULL, NULL, NULL, NULL),
(245, 'Eli Ndiaya', 30, 'Real Madrid', 'C', NULL, 2.8, 3, 0.4, 10, 2, 1, 0, 0, 1, 1, 0.3, 0.8, 0.6, 0.7, 0.8, 3.5, NULL, NULL, NULL, NULL, NULL, NULL),
(246, 'Mantas Juzenas', 0, 'Žalgiris Kaunas', 'SG', NULL, 5.4, 2.3, 1.1, 14, 4, 2, 2, 1, 1, 1, 0.7, 0.1, 0.8, 1, 1.1, 5.5, NULL, NULL, NULL, NULL, NULL, NULL),
(247, 'Isaiah Wong', 2, 'Žalgiris Kaunas', 'PG', NULL, 7.9, 2.6, 4, 21, 5, 3, 4, 2, 2, 2, 0.9, 0, 1.5, 1.3, 1.4, 9.8, NULL, NULL, NULL, NULL, NULL, NULL),
(248, 'Sylvain Francisco', 3, 'Žalgiris Kaunas', 'PG', NULL, 6.8, 2.1, 3.3, 18, 4, 3, 3, 1, 2, 2, 0.8, 0.1, 1.2, 1.1, 1.2, 8.3, NULL, NULL, NULL, NULL, NULL, NULL),
(249, 'Lukas Lekavicius', 4, 'Žalgiris Kaunas', 'PG', NULL, 8.2, 3, 4.5, 24, 5, 4, 4, 2, 3, 3, 1, 0, 1.4, 1.5, 1.6, 11.2, NULL, NULL, NULL, NULL, NULL, NULL),
(250, 'Dovydas Giedraitis', 9, 'Žalgiris Kaunas', 'SG', NULL, 7, 2.4, 1.3, 19, 4, 3, 3, 2, 2, 2, 0.7, 0.1, 1, 1.2, 1.3, 8.7, NULL, NULL, NULL, NULL, NULL, NULL),
(251, 'Dovydas Buika', 24, 'Žalgiris Kaunas', 'SF', NULL, 4.5, 1.8, 1, 13, 3, 2, 1, 0, 1, 1, 0.5, 0, 0.8, 1, 1, 5, NULL, NULL, NULL, NULL, NULL, NULL),
(252, 'Deividas Sirvydis', 91, 'Žalgiris Kaunas', 'SF', NULL, 7.8, 3, 1.6, 20, 5, 4, 3, 1, 2, 2, 0.9, 0.1, 1.2, 1.3, 1.4, 9.3, NULL, NULL, NULL, NULL, NULL, NULL),
(253, 'Ignas Brazdeikis', 8, 'Žalgiris Kaunas', 'SF', NULL, 9.5, 4, 2.2, 22, 6, 5, 3, 1, 3, 3, 1, 0.2, 1.4, 1.5, 1.6, 11.5, NULL, NULL, NULL, NULL, NULL, NULL),
(254, 'Alen Smailagic', 18, 'Žalgiris Kaunas', 'PF', NULL, 6.3, 5.1, 1, 18, 5, 4, 1, 0, 2, 2, 0.8, 0.7, 1.2, 1.3, 1.4, 8.8, NULL, NULL, NULL, NULL, NULL, NULL),
(255, 'Matthew Mitchell', 21, 'Žalgiris Kaunas', 'SF', NULL, 5.9, 3.3, 1.2, 16, 4, 3, 2, 1, 2, 2, 0.6, 0.2, 1, 1.1, 1.2, 6.8, NULL, NULL, NULL, NULL, NULL, NULL),
(256, 'Brady Manek', 45, 'Žalgiris Kaunas', 'PF', NULL, 10.5, 6.2, 1.5, 24, 6, 5, 3, 1, 3, 3, 1.1, 0.8, 1.5, 1.7, 1.8, 12.8, NULL, NULL, NULL, NULL, NULL, NULL),
(257, 'Arnas Butkevicius', 51, 'Žalgiris Kaunas', 'SF', NULL, 7.1, 3.5, 1.7, 19, 5, 4, 3, 1, 2, 2, 0.8, 0.1, 1.2, 1.3, 1.4, 9, NULL, NULL, NULL, NULL, NULL, NULL),
(258, 'Edgaras Ulanovas', 92, 'Žalgiris Kaunas', 'SF', NULL, 9.2, 4.4, 2.5, 23, 5, 4, 4, 2, 3, 3, 1, 0.2, 1.3, 1.5, 1.6, 11.3, NULL, NULL, NULL, NULL, NULL, NULL),
(259, 'Laurynas Birutis', 15, 'Žalgiris Kaunas', 'C', NULL, 11, 7.8, 1.1, 26, 7, 6, 1, 0, 4, 3, 0.7, 1.4, 1.2, 1.5, 1.7, 14, NULL, NULL, NULL, NULL, NULL, NULL),
(260, 'Aleksas Bieliauskas', 23, 'Žalgiris Kaunas', 'PF', NULL, 4, 2.5, 0.8, 12, 3, 2, 0, 0, 1, 1, 0.4, 0.3, 0.7, 0.8, 0.9, 4.5, NULL, NULL, NULL, NULL, NULL, NULL),
(261, 'Bryant Dunston', 42, 'Žalgiris Kaunas', 'C', NULL, 5.8, 6.5, 1, 18, 4, 3, 0, 0, 2, 2, 0.8, 1, 1.1, 1.3, 1.4, 8.6, NULL, NULL, NULL, NULL, NULL, NULL),
(262, 'Isaia Cordinier', 0, 'Virtus Segafredo Bologna', 'SG', NULL, 10.1, 3.5, 2.4, 26, 7, 5, 4, 2, 3, 2, 1.1, 0.3, 2, 2.2, 2.4, 12.8, NULL, NULL, NULL, NULL, NULL, NULL),
(263, 'Marco Belinelli', 3, 'Virtus Segafredo Bologna', 'SG', NULL, 9, 2.6, 1.9, 23, 6, 4, 5, 3, 2, 2, 0.9, 0.1, 1.5, 1.7, 1.8, 10.4, NULL, NULL, NULL, NULL, NULL, NULL),
(264, 'Alessandro Pajola', 6, 'Virtus Segafredo Bologna', 'PG', NULL, 5.5, 2.1, 3.8, 21, 4, 3, 3, 1, 3, 2, 1.2, 0, 1.3, 1.6, 1.7, 8, NULL, NULL, NULL, NULL, NULL, NULL),
(265, 'Daniel Hackett', 23, 'Virtus Segafredo Bologna', 'PG', NULL, 6.2, 2.8, 3, 22, 5, 4, 3, 1, 2, 2, 1, 0.1, 1.4, 1.8, 1.9, 8.9, NULL, NULL, NULL, NULL, NULL, NULL),
(266, 'Matthew Morgan', 30, 'Virtus Segafredo Bologna', 'SG', NULL, 7, 1.9, 1.5, 18, 4, 3, 3, 1, 1, 1, 0.7, 0, 1, 1.3, 1.4, 6.9, NULL, NULL, NULL, NULL, NULL, NULL),
(267, 'Justin Holiday', 1, 'Virtus Segafredo Bologna', 'SF', NULL, 8.5, 3.2, 1.8, 24, 6, 5, 4, 2, 2, 2, 1.1, 0.2, 1.7, 2, 2.2, 11.3, NULL, NULL, NULL, NULL, NULL, NULL),
(268, 'Will Clyburn', 8, 'Virtus Segafredo Bologna', 'SF', NULL, 12.4, 5, 2, 28, 7, 6, 4, 2, 3, 3, 1.3, 0.5, 2.1, 2.3, 2.6, 15, NULL, NULL, NULL, NULL, NULL, NULL),
(269, 'Tornike Shengelia', 21, 'Virtus Segafredo Bologna', 'PF', NULL, 11.8, 5.8, 3, 29, 7, 6, 3, 1, 4, 3, 1.2, 0.8, 2, 2.1, 2.4, 14.2, NULL, NULL, NULL, NULL, NULL, NULL),
(270, 'Andrejs Grazulis', 24, 'Virtus Segafredo Bologna', 'PF', NULL, 6.7, 4.3, 1.1, 20, 5, 4, 2, 1, 1, 1, 0.9, 0.3, 1.2, 1.5, 1.6, 8.1, NULL, NULL, NULL, NULL, NULL, NULL),
(271, 'Achille Polonara', 33, 'Virtus Segafredo Bologna', 'PF', NULL, 9.6, 5.4, 2.4, 27, 6, 5, 3, 1, 2, 2, 1.1, 0.5, 1.6, 1.9, 2, 12.3, NULL, NULL, NULL, NULL, NULL, NULL),
(272, 'Nicola Akele', 45, 'Virtus Segafredo Bologna', 'SF', NULL, 5.3, 2.6, 1, 16, 4, 3, 2, 0, 1, 1, 0.6, 0.1, 0.9, 1.1, 1.2, 6, NULL, NULL, NULL, NULL, NULL, NULL),
(273, 'Mouhamet Diouf', 35, 'Virtus Segafredo Bologna', 'PF', NULL, 4.8, 3, 0.5, 15, 3, 2, 1, 0, 1, 1, 0.5, 0.2, 0.8, 1, 1.1, 5.5, NULL, NULL, NULL, NULL, NULL, NULL),
(274, 'Ante Zizic', 41, 'Virtus Segafredo Bologna', 'C', NULL, 8.4, 6.7, 1.2, 22, 6, 5, 1, 0, 3, 3, 0.7, 1, 1.3, 1.6, 1.7, 11, NULL, NULL, NULL, NULL, NULL, NULL),
(275, 'Theo Guedegbe', 2, 'LDLC ASVEL Villeurbanne', 'PG', NULL, 4.5, 1.8, 3, 17, 3, 2, 2, 1, 1, 1, 0.7, 0.1, 0.8, 1.1, 1, 6, NULL, NULL, NULL, NULL, NULL, NULL),
(276, 'Paris Lee', 3, 'LDLC ASVEL Villeurbanne', 'PG', NULL, 6.2, 2.5, 4.1, 22, 5, 3, 3, 1, 2, 2, 1.1, 0.2, 1.3, 1.5, 1.6, 8.5, NULL, NULL, NULL, NULL, NULL, NULL),
(277, 'Theo Maladon', 6, 'LDLC ASVEL Villeurbanne', 'PG', NULL, 5.8, 2.1, 3.8, 20, 4, 3, 3, 1, 1, 1, 1, 0.1, 1.1, 1.3, 1.4, 7.9, NULL, NULL, NULL, NULL, NULL, NULL),
(278, 'Nando De Colo', 12, 'LDLC ASVEL Villeurbanne', 'SG', NULL, 12.4, 3.2, 3.5, 28, 7, 6, 6, 3, 5, 4, 1.3, 0.2, 1.9, 2.1, 2.3, 15, NULL, NULL, NULL, NULL, NULL, NULL),
(279, 'Shaquille Harrison', 1, 'LDLC ASVEL Villeurbanne', 'PG', NULL, 6.9, 3, 2.8, 21, 5, 4, 3, 1, 2, 1, 1.1, 0.3, 1.5, 1.7, 1.9, 8.7, NULL, NULL, NULL, NULL, NULL, NULL),
(280, 'Charles Kahudi', 5, 'LDLC ASVEL Villeurbanne', 'SF', NULL, 7.8, 4.1, 1.7, 24, 6, 5, 3, 1, 2, 2, 1.2, 0.4, 1.6, 1.8, 2, 10.5, NULL, NULL, NULL, NULL, NULL, NULL),
(281, 'Melvin Ajinca', 8, 'LDLC ASVEL Villeurbanne', 'PF', NULL, 4.9, 3.7, 0.9, 15, 4, 3, 1, 0, 2, 1, 0.5, 0.2, 0.8, 1, 1.2, 6.2, NULL, NULL, NULL, NULL, NULL, NULL),
(282, 'Edwin Jackson', 11, 'LDLC ASVEL Villeurbanne', 'SG', NULL, 8.5, 2.9, 2.1, 22, 5, 4, 4, 2, 1, 1, 1, 0.1, 1.3, 1.6, 1.8, 9.7, NULL, NULL, NULL, NULL, NULL, NULL),
(283, 'Neal Sako', 13, 'LDLC ASVEL Villeurbanne', 'SG', NULL, 3.7, 1.5, 0.7, 12, 3, 2, 1, 0, 0, 0, 0.5, 0, 0.5, 0.7, 0.8, 4.1, NULL, NULL, NULL, NULL, NULL, NULL),
(284, 'Andre Roberson', 21, 'LDLC ASVEL Villeurbanne', 'SF', NULL, 5.5, 3.8, 1, 18, 4, 3, 1, 0, 1, 1, 0.9, 0.3, 1, 1.2, 1.4, 7, NULL, NULL, NULL, NULL, NULL, NULL),
(285, 'David Lighty', 23, 'LDLC ASVEL Villeurbanne', 'SG', NULL, 6.3, 2.7, 1.5, 20, 5, 4, 2, 1, 1, 1, 1, 0.2, 1.1, 1.3, 1.5, 8.2, NULL, NULL, NULL, NULL, NULL, NULL),
(286, 'Yohann Sissoko', 30, 'LDLC ASVEL Villeurbanne', 'PF', NULL, 3.2, 2.9, 0.5, 13, 3, 2, 1, 0, 1, 1, 0.4, 0.1, 0.6, 0.8, 0.9, 4.5, NULL, NULL, NULL, NULL, NULL, NULL),
(287, 'Benjamin Bentil', 50, 'LDLC ASVEL Villeurbanne', 'PF', NULL, 7.9, 4.6, 1, 22, 6, 5, 1, 0, 3, 2, 0.8, 0.5, 1.1, 1.4, 1.6, 10.8, NULL, NULL, NULL, NULL, NULL, NULL),
(288, 'Joffrey Lauvergne', 7, 'LDLC ASVEL Villeurbanne', 'PF', NULL, 9, 6.3, 2, 26, 7, 6, 1, 0, 3, 3, 1.1, 0.7, 1.6, 1.8, 2, 13.2, NULL, NULL, NULL, NULL, NULL, NULL),
(289, 'Mbaye Ndiaye', 24, 'LDLC ASVEL Villeurbanne', 'C', NULL, 3.8, 4.5, 0.4, 14, 3, 2, 0, 0, 2, 1, 0.3, 0.6, 0.7, 0.9, 1, 5.3, NULL, NULL, NULL, NULL, NULL, NULL),
(290, 'Taric Black', 28, 'LDLC ASVEL Villeurbanne', 'C', NULL, 4.6, 5.2, 0.7, 16, 4, 3, 0, 0, 2, 2, 0.5, 0.8, 0.9, 1.1, 1.3, 6.8, NULL, NULL, NULL, NULL, NULL, NULL),
(291, 'Mbiya Paul', 34, 'LDLC ASVEL Villeurbanne', 'PF', NULL, 2.5, 2, 0.3, 10, 2, 1, 1, 0, 1, 1, 0.3, 0.1, 0.4, 0.6, 0.7, 3.8, NULL, NULL, NULL, NULL, NULL, NULL);

-- --------------------------------------------------------

--
-- Table structure for table `teams`
--

CREATE TABLE `teams` (
  `id` int(11) NOT NULL,
  `name` varchar(255) NOT NULL,
  `league` varchar(50) NOT NULL,
  `wins` int(11) DEFAULT 0,
  `losses` int(11) DEFAULT 0,
  `points_per_game` decimal(5,1) DEFAULT NULL,
  `points_allowed` decimal(5,1) DEFAULT NULL,
  `rebounds` decimal(5,1) DEFAULT NULL,
  `assists` decimal(5,1) DEFAULT NULL,
  `steals` decimal(5,1) DEFAULT NULL,
  `blocks` decimal(5,1) DEFAULT NULL,
  `created_at` timestamp NOT NULL DEFAULT current_timestamp(),
  `updated_at` timestamp NOT NULL DEFAULT current_timestamp() ON UPDATE current_timestamp(),
  `description` text DEFAULT NULL,
  `logo` varchar(255) DEFAULT NULL
) ENGINE=InnoDB DEFAULT CHARSET=utf8mb4 COLLATE=utf8mb4_general_ci;

--
-- Dumping data for table `teams`
--

INSERT INTO `teams` (`id`, `name`, `league`, `wins`, `losses`, `points_per_game`, `points_allowed`, `rebounds`, `assists`, `steals`, `blocks`, `created_at`, `updated_at`, `description`, `logo`) VALUES
(1, 'Baskonia Vitoria-Gasteiz', 'Euroleague', 14, 8, 83.5, 79.2, 35.0, 17.2, 6.8, 3.2, '2025-05-13 15:17:44', '2025-05-17 15:17:51', 'The team was founded in 1959 in the Vitorija-Gasteiz city.\r\n• The team has won the Spanish Championship (ACB) 8 times, including a victory over FC Barcelona in 2020.\r\n• They have won the Spanish Copa del Rey 6 times.\r\n• They have won the Spanish Supercup 4 times.\r\n• They have been EuroLeague finalists 3 times and have reached the Final Four 6 times.\r\n• Although they have not won the EuroLeague, they are considered a strong and respected basketball club.\r\n', '/images/Baskonia Vitoria-Gasteiz.png'),
(2, 'Real Madrid', 'Euroleague', 18, 4, 88.2, 75.3, 37.5, 19.1, 7.3, 3.9, '2025-05-13 15:17:44', '2025-05-17 14:58:31', 'Ispanijos krepšinio komanda iš Madrido, priklausanti „Real“ sporto klubui. Ši komanda tituluočiausia Europoje. Krepšinio klubas įkurtas 1931m.\r\n•	Ši komanda tapo 11 kartų Europos taurės laimėtoja.\r\n(1964 m. 1965 m. 1967 m. 1968 m. 1974 m. 1978 m. 1980 m. 1995 m. 2015 m. 2018 m. 2023 m.). \r\n•	FIBA tarpžemyninė taurė – 3 kartus.\r\n(1976 m. 1977 m. 1978 m. )\r\n•	Daugkartinė Ispanijos taurės laimėtoja. 29 laimėjimai.\r\n ', '/images/Real Madrid.png'),
(3, 'FC Barcelona', 'Euroleague', 17, 5, 86.9, 76.2, 36.9, 18.7, 7.0, 3.7, '2025-05-13 15:17:44', '2025-05-17 14:59:09', 'The Spanish basketball team from Barcelona. Founded in 1926, this team is one of the most successful in Europe.\r\n• The team has won the Spanish Championship (ACB) 20 times. They have also claimed the Spanish King\'s Cup (Copa del Rey) 27 times.\r\n• They have won the EuroLeague twice (in 2003 and 2010) and have reached the Final Four numerous times.\r\n• They have won the FIBA Europe Cup once.\r\n', '/images/FC Barcelona.png'),
(4, 'Paris Basketball', 'Euroleague', 16, 6, 85.3, 77.8, 36.2, 18.1, 6.9, 3.5, '2025-05-13 12:17:44', '2025-05-17 15:17:51', 'A very young basketball club, founded only in 2018 in Paris.\r\n• In 2021, the team was promoted to Pro A (the top French league).\r\n• In 2023, they became EuroCup champions and earned a spot in the 2024 EuroLeague season.\r\n', '/images/Paris Basketball.png'),
(5, 'Olympiacos Piraeus', 'Euroleague', 15, 7, 84.1, 78.4, 35.8, 17.5, 6.5, 3.3, '2025-05-13 15:17:44', '2025-05-17 15:17:51', 'The basketball club was founded in 1931 in the city of Piraeus, Greece.\r\n• The team has won the Greek Championship (Greek Basket League) 13 times and the Greek Cup 11 times.\r\n• In the EuroLeague, the team has been crowned champions 3 times (1997, 2012, 2013) and has been runners-up 4 more times (2010, 2015, 2017, 2023).\r\n• In 2013, the team won the Intercontinental Cup, defeating the Brazilian team Pinheiros Sky in the final.\r\n', '/images/Olympiacos Piraeus.png'),
(6, 'Fenerbahce Beko Istanbul', 'Euroleague', 14, 8, 83.8, 78.9, 35.5, 17.3, 6.4, 3.2, '2025-05-13 15:17:44', '2025-05-17 15:17:51', 'The basketball club was founded in 1913 in Istanbul, Turkey. It is one of the most successful basketball clubs in Europe.\r\n• The team has won the Turkish Championship 10 times, the Turkish Cup 7 times, and the Turkish Supercup also 7 times.\r\n• In 2017, they became EuroLeague champions. They were runners-up in 2016 and 2018, and reached the Final Four every year from 2015 to 2019.\r\n', '/images/Fenerbahce Beko Istanbul.png'),
(7, 'Anadolu Efes Istanbul', 'Euroleague', 15, 7, 84.5, 78.1, 35.9, 17.7, 6.7, 3.4, '2025-05-13 15:17:44', '2025-05-17 15:17:51', 'The basketball club was founded in 1976 in Istanbul. Initially named \"Efes Pilsen,\" it was renamed Anadolu Efes in 2011.\r\n• The team has won the Turkish Championship 16 times, the Turkish Cup 12 times, and the Turkish Supercup 13 times.\r\n• They became EuroLeague champions in 2021 and 2022, and were runners-up in 2019.\r\n• In 1996, they were EuroCup champions.\r\n', '/images/Anadolu Efes Istanbul.png'),
(8, 'Maccabi Playtica Tel Aviv', 'Euroleague', 13, 9, 82.7, 79.5, 34.8, 16.9, 6.3, 3.0, '2025-05-13 15:17:44', '2025-05-17 15:17:51', 'Maccabi Playtika Tel Aviv is a basketball team from Israel, founded in 1932.\r\n• The team has won the Israeli Championship over 50 times and the Israeli Cup more than 40 times.\r\n• Maccabi has won the EuroLeague 6 times (1977, 1981, 2001, 2004, 2005, 2014) and reached the Final Four over 15 times.\r\n• In 2014, they defeated Real Madrid in overtime to win their latest EuroLeague title.\r\n• The club is one of the most successful and recognized basketball teams in Europe.', '/images/Maccabi Playtica Tel Aviv.png'),
(9, 'Panathinaikos AKTOR Athens', 'Euroleague', 12, 10, 81.5, 80.3, 34.2, 16.4, 6.1, 2.9, '2025-05-13 15:17:44', '2025-05-17 15:17:51', 'The basketball club was founded in 1919 in Athens, Greece. The team is one of the most decorated basketball clubs in all of European history.\r\n\r\nThe team has won the Greek Championship (Greek Basket League) 39 times and the Greek Cup 20 times.\r\n\r\nIn the EuroLeague, the team has been crowned champions 6 times (1996, 2000, 2002, 2007, 2009, 2011). They have reached the Final Four 11 times.\r\n\r\nIn 1996, the team won the Intercontinental Cup, defeating the Argentine team Olimpia de Venado Tuerto in the final.\r\n', '/images/Panathinaikos AKTOR Athens.png'),
(10, 'FC Bayern Munich', 'Euroleague', 11, 11, 80.4, 80.9, 33.8, 16.1, 5.9, 2.8, '2025-05-13 15:17:44', '2025-05-17 15:17:51', 'The basketball club was founded in 1946 in Munich, Germany.\r\n• The team has won the German Championship (Basketball Bundesliga) 5 times and the German Cup (BBL-Pokal) 4 times.\r\n• In the EuroLeague, they have reached the quarterfinals twice and were EuroCup finalists in 2018.\r\n', '/images/FC Bayern Munich.png'),
(11, 'LDLC ASVEL Villeurbanne', 'Euroleague', 10, 12, 79.2, 81.8, 33.3, 15.7, 5.7, 2.6, '2025-05-13 15:17:44', '2025-05-17 15:17:51', 'The club was founded in 1948 in Villeurbanne, France.\r\n\r\n• The team has won the French Championship (LNB Pro A) 20 times and the French Cup (Coupe de France) 9 times.\r\n• In 1997, they were EuroLeague finalists but lost in the final.\r\n• In 2001, they won the EuroCup.\r\n', '/images/LDLC ASVEL Villeurbanne.png'),
(12, 'EA7 Emporio Armani Milan', 'Euroleague', 13, 9, 82.1, 79.8, 34.6, 16.7, 6.2, 3.0, '2025-05-13 15:17:44', '2025-05-17 15:17:51', 'One of the most renowned and successful basketball teams in Italy. Founded in Milan, Italy, in 1936.\r\n\r\n• The team has won the Italian Championship (Lega Basket Serie A) 30 times.\r\n• They are three-time EuroLeague champions (1966, 1987, 1988) and have been runners-up twice (1967, 1983).\r\n• FIBA Intercontinental Cup winners in 1987.\r\n• They have won the Italian Cup (Coppa Italia) 8 times and the Italian Supercup 4 times.\r\n', '/images/EA7 Emporio Armani Milan.png'),
(13, 'Partizan Mozzart Bet Belgrade', 'Euroleague', 12, 10, 81.8, 80.1, 34.4, 16.5, 6.0, 2.8, '2025-05-13 15:17:44', '2025-05-17 15:17:51', 'A basketball club from Belgrade, Serbia, founded in 1945.\r\n• The team has won the Serbian Championship 22 times and the Serbian Cup 10 times.\r\n• They have won the international ABA League (Adriatic League) 6 times.\r\n• In 2014, the team reached the EuroCup final but lost to Valencia Basket. In the EuroLeague, they have reached the Top 16 several times but have not achieved significant success.\r\n', '/images/Partizan Mozzart Bet Belgrade.png'),
(14, 'AS Monaco', 'Euroleague', 14, 8, 83.2, 79.4, 35.2, 17.0, 6.5, 3.1, '2025-05-13 15:17:44', '2025-05-17 15:06:36', 'The basketball team was founded in 1928 in Monaco.\r\n\r\n• In 2023, they won the LNB Pro A title, defeating ASVEL Villeurbanne in the final.\r\n• The team won the French Cup (Coupe de France) in 2023.\r\n• In 2021, they won the EuroCup.\r\n• The 2022 season was their first in the EuroLeague, where they reached the quarterfinals. In 2023, they advanced to the Final Four and finished in third place.\r\n', '/images/AS Monaco.png'),
(15, 'Virtus Segafredo Bologna', 'Euroleague', 11, 11, 80.7, 80.5, 34.0, 16.3, 5.8, 2.7, '2025-05-13 15:17:44', '2025-05-17 15:17:51', 'One of the most renowned Italian basketball clubs in Europe, founded in 1929 in Bologna, Italy.\r\n• The team has won the Italian Championship (Lega Basket Serie A) 16 times.\r\n• They are two-time EuroLeague champions (1998, 2001) and have been runners-up twice (1981, 2002).\r\n• EuroCup champions in 2022.\r\n• They have won the Italian Cup (Coppa Italia) 8 times and the Italian Supercup 4 times.\r\n', '/images/Virtus Segafredo Bologna.png'),
(16, 'Crvena Zvezda', 'Euroleague', 10, 12, 79.5, 81.2, 33.5, 15.9, 5.6, 2.5, '2025-05-13 15:17:44', '2025-05-17 15:17:51', 'The basketball club was founded in 1945 in Belgrade, Serbia.\r\n• The team has won the Serbian Championship (KLS – Košarkaška liga Srbije) 20 times.\r\n• In 2019, the club won the Balkan Cup.\r\n• They were EuroLeague champions in 1992 and EuroCup winners in 2018.\r\n', '/images/Crvena Zvezda.png'),
(17, 'ALBA Berlin', 'Euroleague', 9, 13, 78.6, 82.1, 33.0, 15.5, 5.4, 2.4, '2025-05-13 15:17:44', '2025-05-17 15:02:57', 'The basketball club was founded in 1991 in Berlin, Germany.\r\n• The team has won the German Championship (Basketball Bundesliga) 11 times and the German Cup (BBL-Pokal) 11 times.\r\n• In Europe, they won the FIBA Korać Cup in 1995.\r\n• They have not reached the EuroLeague Final Four.\r\n', '/images/ALBA Berlin.png'),
(18, 'Žalgiris Kaunas', 'Euroleague', 8, 14, 77.8, 82.8, 32.7, 15.2, 5.2, 2.3, '2025-05-13 15:17:44', '2025-05-17 15:05:59', 'Žalgiris is a Lithuanian basketball team from Kaunas, founded on October 13, 1944.\r\n\r\nIn 1985, Žalgiris defeated CSKA Moscow and became USSR champions.\r\n\r\nIn 1999, Žalgiris became European champions. In the final, they defeated Kinder Bologna 82–74. This is Žalgiris\' greatest achievement in the EuroLeague.\r\n\r\nIn 2005, they reached the FIBA Europe Cup quarterfinals.\r\n\r\nIn 2018, they won third place in the EuroLeague. A loss to Fenerbahçe Istanbul (67–76) prevented them from reaching a higher position.\r\n\r\nThe 2022 season was very unsuccessful, with only 8 wins out of 34 games.', '/images/Žalgiris Kaunas.png');

-- --------------------------------------------------------

--
-- Table structure for table `users`
--

CREATE TABLE `users` (
  `id` int(11) NOT NULL,
  `username` varchar(255) NOT NULL,
  `email` varchar(255) NOT NULL,
  `password` varchar(255) NOT NULL,
  `created_at` timestamp NOT NULL DEFAULT current_timestamp(),
  `updated_at` timestamp NOT NULL DEFAULT current_timestamp() ON UPDATE current_timestamp(),
  `premium_status` tinyint(4) DEFAULT 0,
  `Credit_count` int(11) DEFAULT 0,
  `phone_number` varchar(20) DEFAULT NULL,
  `Date_Of_Birth` date DEFAULT NULL,
  `terms_accepted` tinyint(1) DEFAULT 0
) ENGINE=InnoDB DEFAULT CHARSET=utf8mb4 COLLATE=utf8mb4_general_ci;

--
-- Dumping data for table `users`
--

INSERT INTO `users` (`id`, `username`, `email`, `password`, `created_at`, `updated_at`, `premium_status`, `Credit_count`, `phone_number`, `Date_Of_Birth`, `terms_accepted`) VALUES
(1, 'john_doe', 'john@example.com', '$2a$10$XYZ123...', '2025-05-13 15:17:44', '2025-05-13 15:17:44', 0, 0, '+37061234567', '1990-05-15', 1),
(2, 'jane_smith', 'jane@example.com', '$2a$10$ABC456...', '2025-05-13 15:17:44', '2025-05-13 15:17:44', 1, 100, '+37062345678', '1992-08-22', 1),
(3, 'coach_mike', 'mike@example.com', '$2a$10$DEF789...', '2025-05-13 15:17:44', '2025-05-13 15:17:44', 1, 150, '+37063456789', '1985-11-10', 1),
(4, 'basketball_fan', 'fan@example.com', '$2a$10$GHI101...', '2025-05-13 15:17:44', '2025-05-13 15:17:44', 0, 0, '+37064567890', '1995-03-30', 1),
(5, 'analyst_pro', 'analyst@example.com', '$2a$10$JKL112...', '2025-05-13 15:17:44', '2025-05-13 15:17:44', 1, 200, '+37065678901', '1988-07-04', 1),
(6, 'lilith', 'eima@gmail.com', '$2a$10$fE2EAcoJI8Nv.nzoFmh8Z.B37yhgQ65L1o8t5ENuoiXfcH3Li6j3a', '2025-05-13 16:05:53', '2025-05-13 16:05:53', 0, 0, NULL, NULL, 0);

--
-- Indexes for dumped tables
--

--
-- Indexes for table `euroleaguematches`
--
ALTER TABLE `euroleaguematches`
  ADD PRIMARY KEY (`id`),
  ADD KEY `home_team_id` (`home_team_id`),
  ADD KEY `away_team_id` (`away_team_id`);

--
-- Indexes for table `euroleaguematchplayers`
--
ALTER TABLE `euroleaguematchplayers`
  ADD PRIMARY KEY (`id`),
  ADD UNIQUE KEY `match_id` (`match_id`,`player_id`),
  ADD KEY `team_id` (`team_id`);

--
-- Indexes for table `match_player_stats`
--
ALTER TABLE `match_player_stats`
  ADD PRIMARY KEY (`id`),
  ADD UNIQUE KEY `match_id` (`match_id`,`player_id`),
  ADD KEY `player_id` (`player_id`),
  ADD KEY `team_id` (`team_id`);

--
-- Indexes for table `players`
--
ALTER TABLE `players`
  ADD PRIMARY KEY (`id`);

--
-- Indexes for table `teams`
--
ALTER TABLE `teams`
  ADD PRIMARY KEY (`id`);

--
-- Indexes for table `users`
--
ALTER TABLE `users`
  ADD PRIMARY KEY (`id`),
  ADD UNIQUE KEY `username` (`username`),
  ADD UNIQUE KEY `email` (`email`);

--
-- AUTO_INCREMENT for dumped tables
--

--
-- AUTO_INCREMENT for table `euroleaguematches`
--
ALTER TABLE `euroleaguematches`
  MODIFY `id` int(11) NOT NULL AUTO_INCREMENT, AUTO_INCREMENT=36;

--
-- AUTO_INCREMENT for table `euroleaguematchplayers`
--
ALTER TABLE `euroleaguematchplayers`
  MODIFY `id` int(11) NOT NULL AUTO_INCREMENT, AUTO_INCREMENT=181;

--
-- AUTO_INCREMENT for table `match_player_stats`
--
ALTER TABLE `match_player_stats`
  MODIFY `id` int(11) NOT NULL AUTO_INCREMENT, AUTO_INCREMENT=298;

--
-- AUTO_INCREMENT for table `players`
--
ALTER TABLE `players`
  MODIFY `id` int(11) NOT NULL AUTO_INCREMENT, AUTO_INCREMENT=292;

--
-- AUTO_INCREMENT for table `teams`
--
ALTER TABLE `teams`
  MODIFY `id` int(11) NOT NULL AUTO_INCREMENT, AUTO_INCREMENT=20;

--
-- AUTO_INCREMENT for table `users`
--
ALTER TABLE `users`
  MODIFY `id` int(11) NOT NULL AUTO_INCREMENT, AUTO_INCREMENT=7;

--
-- Constraints for dumped tables
--

--
-- Constraints for table `euroleaguematches`
--
ALTER TABLE `euroleaguematches`
  ADD CONSTRAINT `euroleaguematches_ibfk_1` FOREIGN KEY (`home_team_id`) REFERENCES `euroleagueteams` (`id`) ON DELETE CASCADE,
  ADD CONSTRAINT `euroleaguematches_ibfk_2` FOREIGN KEY (`away_team_id`) REFERENCES `euroleagueteams` (`id`) ON DELETE CASCADE;

--
-- Constraints for table `euroleaguematchplayers`
--
ALTER TABLE `euroleaguematchplayers`
  ADD CONSTRAINT `euroleaguematchplayers_ibfk_1` FOREIGN KEY (`match_id`) REFERENCES `euroleaguematches` (`id`) ON DELETE CASCADE,
  ADD CONSTRAINT `euroleaguematchplayers_ibfk_2` FOREIGN KEY (`team_id`) REFERENCES `euroleagueteams` (`id`) ON DELETE CASCADE;

--
-- Constraints for table `match_player_stats`
--
ALTER TABLE `match_player_stats`
  ADD CONSTRAINT `match_player_stats_ibfk_1` FOREIGN KEY (`match_id`) REFERENCES `matches` (`id`) ON DELETE CASCADE,
  ADD CONSTRAINT `match_player_stats_ibfk_2` FOREIGN KEY (`player_id`) REFERENCES `players` (`id`) ON DELETE CASCADE,
  ADD CONSTRAINT `match_player_stats_ibfk_3` FOREIGN KEY (`team_id`) REFERENCES `teams` (`id`) ON DELETE CASCADE;
COMMIT;

/*!40101 SET CHARACTER_SET_CLIENT=@OLD_CHARACTER_SET_CLIENT */;
/*!40101 SET CHARACTER_SET_RESULTS=@OLD_CHARACTER_SET_RESULTS */;
/*!40101 SET COLLATION_CONNECTION=@OLD_COLLATION_CONNECTION */;
